543,182,1984782,157.0,,89,1
3488,752,714768,,,,1
3856,836,1703418,1016.0,(voice) (uncredited),,1
5088,1097,1754702,1492.0,,42,1
5299,1172,1716058,1587.0,(uncredited),,1
6453,1360,1924419,1800.0,,23,1
7918,1561,1993455,927.0,,23,1
8179,1593,2510063,,,,1
8284,1608,2418991,,(as Rushti Abaza),41,1
8861,1739,2427698,2491.0,(uncredited),,1
9112,1819,2047939,2610.0,,17,1
10607,1997,2373526,3058.0,,53,1
10657,2009,2339030,3079.0,,37,1
10781,2034,1646065,3136.0,(uncredited),,1
11311,2089,2360588,3454.0,(uncredited),,1
12505,2250,2072632,3833.0,(as Jose Abdala),36,1
13101,2440,2446807,2273.0,,15,1
14715,2957,2351867,4688.0,(as Vitali Abdulov),41,1
16816,3230,2115409,5351.0,,1,1
16960,3265,1893933,5454.0,(21 Years),45,1
16965,3265,1966327,5457.0,,7,1
16971,3265,2389164,5461.0,,13,1
19315,3563,2413074,6238.0,,21,1
19560,3585,2310622,6309.0,(voice),7,1
19584,3585,2430824,6321.0,(uncredited),,1
19977,3645,1915489,6513.0,(uncredited),,1
19988,3645,2168231,6520.0,(uncredited),,1
20010,3645,2414534,6534.0,(uncredited),,1
20058,3656,2438179,6554.0,,13,1
21341,3895,2281624,7019.0,,20,1
21709,3963,1762263,7192.0,,8,1
21745,3963,2198693,7210.0,(voice),4,1
22884,4141,1928596,,(uncredited),,1
23004,4148,2520866,48.0,,34,1
23115,4193,1740830,7602.0,,,1
23219,4242,1922123,4366.0,,18,1
23375,4265,2134996,7710.0,,26,1
23876,4354,1819861,7927.0,,18,1
23909,4354,2079865,7948.0,,22,1
23939,4354,2265125,7960.0,,7,1
24535,4459,1781032,8224.0,,13,1
24938,4509,2110757,8453.0,,6,1
24951,4509,2340262,8463.0,,16,1
26307,4771,1781879,8877.0,(uncredited),,1
26591,4853,2381167,8998.0,,18,1
26736,4866,1657149,1219.0,,22,1
26897,4926,2005230,9144.0,,22,1
27512,4994,2113016,9217.0,(voice),42,1
27834,5027,2141209,514.0,(uncredited),,1
28824,5148,1762242,9520.0,,97,1
29072,5193,1923676,9637.0,,1,1
30433,5426,2455256,2266.0,,11,1
33309,5759,1708971,10402.0,(#2),10,1
35517,6147,2257027,10996.0,,44,1
35518,6148,2205892,10997.0,,26,1
35970,6263,1750376,11151.0,,28,1
37773,6534,1777307,11751.0,(uncredited),,1
38024,6563,2195461,11848.0,(as Joshua Ackerman),76,1
38210,6609,2020394,1918.0,(uncredited),,1
38545,6678,2071251,12081.0,,4,1
39376,6727,1659801,12310.0,,30,1
40334,6815,2310576,12692.0,(voice) (uncredited),,1
40911,6917,1761898,12871.0,(uncredited),,1
42192,7088,2339034,13254.0,,12,1
42492,7143,2391895,1938.0,,11,1
42692,7208,2351859,,(uncredited),,1
43002,7225,2510866,1918.0,(uncredited),,1
43174,7271,2351864,13711.0,,88,1
45190,7579,2060687,14414.0,,27,1
45644,7607,837131,14493.0,,11,1
46131,7706,1688239,14634.0,,14,1
46142,7706,1752125,14642.0,,3,1
47296,7854,2418279,5664.0,,23,1
47411,7894,2385726,15007.0,,27,1
47934,7943,2430389,15080.0,,122,1
49188,8178,2246891,15479.0,(uncredited),,1
51760,8435,2394259,16196.0,,12,1
51862,8440,1731928,946.0,,31,1
52249,8469,367959,16352.0,,,1
52427,8481,2415158,1.0,(archive footage) (uncredited),,1
52878,8580,2486813,1303.0,(uncredited),,1
52934,8604,2430740,16551.0,(uncredited),,1
53620,8690,1771247,,(voice),4,1
54689,8871,2239598,17111.0,,19,1
54767,8874,2368660,3096.0,,6,1
55012,8903,2447258,17220.0,,64,1
55636,9023,2360200,17435.0,(uncredited),,1
55852,9042,2138082,17565.0,,54,1
55993,9055,2305993,3661.0,(uncredited),,1
56392,9152,2381267,17792.0,,37,1
56459,9167,1898508,17823.0,(uncredited),,1
56640,9220,1876847,17921.0,,20,1
57378,9279,1828848,12183.0,,45,1
57604,9279,1215268,18357.0,,1,1
57822,9290,2374603,18389.0,('Diversions'),26,1
58359,9378,1903720,6833.0,,14,1
58700,9453,2222257,18699.0,(uncredited),,1
59864,9523,2416777,2373.0,(uncredited),,1
59983,9531,2319254,18994.0,,30,1
60410,9572,1767509,19106.0,,31,1
61451,9759,1690275,19446.0,,4,1
62027,9867,1746336,19613.0,,36,1
62041,9867,2367559,14772.0,,21,1
62929,9977,1698797,,,,1
63347,10105,2420597,20089.0,,17,1
63681,10180,1718432,3570.0,(Sportscaster #3),6,1
66246,10730,2508599,20913.0,(uncredited),,1
66819,10821,1717896,,(voice),21,1
66983,10826,2424796,21143.0,(voice),,1
66990,10826,2447265,21148.0,(voice) (as Charlie Adler),94,1
69548,10937,1890444,3129.0,(voice),16,1
69913,10973,1929179,21900.0,,43,1
70396,11112,1921146,22064.0,,16,1
71763,11312,1981631,22663.0,,33,1
72245,11404,2311159,409.0,,46,1
72298,11420,1882885,,,7,1
73060,11481,2035127,22979.0,,53,1
74035,11630,1860493,23198.0,(voice),31,1
75297,11880,1881010,1.0,(archive footage),1,1
75639,11883,2168232,23562.0,,11,1
75718,11889,2137424,23578.0,,3,1
75959,11949,1638977,23673.0,,89,1
76852,12150,1922177,23917.0,(as Alex Dodd),48,1
77285,12312,1801829,663.0,,32,1
77316,12313,1808499,15715.0,(as Isac Agami),11,1
77411,12317,2522052,24055.0,,57,1
78683,12412,2073984,24219.0,,26,1
78724,12437,2294518,24233.0,,86,1
79637,12597,2348556,19248.0,,60,1
80538,12795,2156258,3810.0,(uncredited),,1
83963,13283,1628496,223.0,,3,1
83992,13288,2258834,25526.0,(uncredited),,1
88775,14125,497814,1162.0,(uncredited),,1
89631,14289,2362875,1716.0,(uncredited),,1
91362,14733,1848747,27182.0,(as James Ahern),65,1
91614,14776,2391739,24095.0,(uncredited),,1
91811,14836,1875744,15946.0,(uncredited),,1
92979,15030,1988953,27907.0,,8,1
93834,15352,2314470,28185.0,(uncredited),,1
95061,15660,1787336,28731.0,,44,1
97584,16090,2085021,29485.0,,37,1
98162,16157,2373366,29764.0,,36,1
99704,16298,2422069,30081.0,,38,1
100594,16503,2514146,30396.0,(uncredited),,1
102271,16706,1890399,30882.0,,15,1
102997,16824,2342859,31079.0,,51,1
103242,16897,1988107,31188.0,(as Spottiswoode Aitkin),,1
103274,16897,2350102,31210.0,,14,1
104069,17036,2175100,3435.0,,13,1
104074,17036,2360583,18464.0,,84,1
104231,17086,1664877,31493.0,(as SO1 Ajay),6,1
104504,17158,2370404,26325.0,,35,1
109152,18168,2351862,32974.0,,6,1
109318,18186,2391827,,(uncredited),,1
109863,18243,2356313,33308.0,(as Yemi A.D.),34,1
110145,18294,2282016,33354.0,,67,1
110198,18309,1811383,5781.0,,17,1
111149,18457,2285619,33614.0,,25,1
116174,19993,2444326,19651.0,,22,1
118244,20255,2341253,,(uncredited),,1
118246,20255,2426055,35178.0,,42,1
119117,20395,1954155,35471.0,(uncredited),,1
120662,20644,2082277,35862.0,(voice),35,1
122034,20804,1909339,3129.0,(voice: English version),37,1
123396,20809,2062101,1.0,,40,1
124292,20922,1686025,,,,1
125216,21002,1681078,6127.0,(uncredited),,1
125253,21010,2240149,137.0,(uncredited),,1
126917,21219,2120909,10065.0,,16,1
128071,21418,2494505,1.0,(as David Albert PhD),,1
129902,21610,1919568,1930.0,(uncredited),,1
130590,21654,2421077,26250.0,,10,1
133432,21860,2026604,35205.0,(uncredited),,1
134092,21942,1636419,39111.0,(MD),,1
135842,22219,2226756,39663.0,,69,1
135854,22220,1967877,1711.0,,14,1
135923,22233,1711584,39703.0,(voice) (uncredited),,1
136056,22248,1635736,39776.0,,22,1
136210,22295,1678792,16497.0,,18,1
138487,22567,1940760,5262.0,,8,1
138705,22605,1731197,40424.0,(as Isaac Alcaide),29,1
138852,22608,810924,9372.0,,43,1
139344,22673,2119236,40515.0,,34,1
140512,22853,702221,1744.0,,,1
141807,22903,1727373,41185.0,,56,1
142167,22960,1728122,41254.0,(uncredited),,1
142175,22960,1942223,41259.0,(uncredited),,1
146379,23049,1923855,41396.0,(uncredited),,1
148076,23211,1825976,42050.0,,9,1
148187,23218,2426944,365.0,,30,1
148375,23233,1755639,4208.0,,3,1
150665,23538,1827558,42913.0,,3,1
151003,23619,1826442,43007.0,(Argentina),33,1
151606,23736,1787141,43150.0,(uncredited),,1
152514,23831,1687027,,,,1
153297,23983,1889101,43545.0,(uncredited),,1
153860,23989,1113728,22990.0,,,1
155559,24226,2153524,43997.0,,17,1
157289,24594,1762930,32538.0,,32,1
157987,24745,1970343,44827.0,,21,1
159091,24877,1527104,45172.0,(Der alte Friedemann) (1985-????),,1
159992,22791,2362567,8151.0,,27,1
160964,25053,1696078,45672.0,,10,1
161020,25054,1944281,45713.0,,4,1
162971,25388,2374854,46526.0,(uncredited),,1
165930,25791,1916633,42663.0,,22,1
166068,25822,1715507,47407.0,(uncredited),,1
167099,25913,1948663,2472.0,,5,1
167505,26025,1983430,47642.0,,,1
167668,26048,2194978,47717.0,,12,1
169765,26216,2392547,1640.0,,14,1
170167,26266,2252737,47969.0,,10,1
173525,27006,2359940,28288.0,(as Mahershalalhashbaz Ali),14,1
176930,27648,2326732,5173.0,(uncredited),,1
178998,28125,2487841,2124.0,(uncredited),,1
179065,28145,2471561,50312.0,,8,1
182557,28698,1864938,51317.0,,51,1
184034,28853,2222831,51618.0,,26,1
184986,29023,1686265,51881.0,(uncredited),,1
187636,29513,1733658,11979.0,,14,1
188022,29587,2446794,3494.0,,16,1
189428,29753,1344171,1.0,,,1
190180,29804,2485207,53287.0,(uncredited),,1
190427,29889,1755884,53377.0,(voice) (uncredited),,1
191329,30006,1912052,18998.0,,21,1
191583,30070,2327587,3129.0,(voice),,1
192019,30134,1656633,53836.0,(voice),5,1
193930,30260,2445637,54065.0,(voice),2,1
194425,30282,1926514,54138.0,,22,1
195054,30393,2293498,54358.0,,1,1
195328,30412,1759204,54395.0,,57,1
196553,30634,1946759,14615.0,,46,1
199282,31122,2388432,55702.0,,1,1
200259,31280,2458067,55930.0,,20,1
202820,31630,2276861,,,,1
203615,31805,2419758,,,11,1
203882,31843,2483154,56642.0,(uncredited),,1
205460,32125,2216861,57025.0,,37,1
207336,32348,1704289,57289.0,,10,1
209384,32517,1674438,57615.0,,35,1
209391,32519,2122832,322.0,(uncredited),,1
213492,33187,2392568,58658.0,,10,1
214552,33357,1861431,1837.0,,1,1
216426,33627,1683312,59387.0,,53,1
216439,33627,2310582,59393.0,(uncredited),,1
217377,33703,124832,59495.0,,,1
217764,33812,1634672,3496.0,,16,1
223581,34994,1775793,60916.0,,98,1
228372,35532,2396847,61699.0,,50,1
230536,35808,2385023,62102.0,,34,1
235810,36294,2240439,,,,1
237419,36620,1613833,53.0,(2013),,1
239199,36931,2353842,63572.0,,6,1
241956,37291,2023465,64280.0,(as Harli Ammouchi),30,1
244124,37688,2427000,64950.0,(voice),35,1
244831,37837,2428735,65161.0,,20,1
246651,38265,2397812,65614.0,,8,1
248980,38631,1879079,66079.0,(credit only),,1
251290,39001,1742278,,,,1
251425,39006,2058736,66688.0,,45,1
251974,39181,2298731,,(uncredited),,1
253633,39547,1997177,67448.0,(uncredited),,1
259647,40590,2080366,3503.0,,6,1
260305,40695,1696524,69208.0,(voice: English version),35,1
260351,40695,2361920,69225.0,,9,1
261652,40798,2310581,69479.0,(uncredited),,1
262714,40838,2467169,19276.0,,11,1
264542,41140,1779499,9242.0,,31,1
264980,41228,2412346,70087.0,,47,1
265763,41349,1883352,70290.0,(voice) (as Eric Anderson),6,1
267517,41459,1246686,66721.0,,2,1
268114,41465,2386033,1.0,(archive footage),,1
269243,41591,1883887,70933.0,,18,1
270018,41705,1779018,71178.0,,2,1
272314,42119,2228068,10304.0,(as Louis Anderson),8,1
272822,42219,1841098,5454.0,(as Matthew Anderson),7,1
273017,42280,2134604,72121.0,,28,1
274171,42506,2193755,72457.0,,6,1
276090,42657,2292893,73026.0,,26,1
276646,42690,2143909,619.0,,7,1
276980,42753,2253591,73242.0,,9,1
277175,42793,1934762,73331.0,(as Steve Anderson),24,1
280106,43363,2328120,8518.0,,5,1
285619,43881,2302414,75037.0,,,1
286516,44068,1692593,75251.0,,39,1
287258,44237,1937076,75471.0,,28,1
288647,44410,2346436,75767.0,(uncredited),,1
291167,44756,1934756,17425.0,,7,1
294211,45120,1928826,77155.0,"(segment \Planet Terror\"")""",10,1
295023,45229,2397786,77310.0,(uncredited),,1
295263,45241,2127768,77457.0,,15,1
297275,45510,1813965,78178.0,,13,1
297277,45510,1902762,1470.0,,35,1
297501,45529,2520373,1784.0,(uncredited),,1
301092,45945,2196263,18945.0,,14,1
301375,46060,1715613,79221.0,,89,1
301397,46060,2320190,79238.0,,2,1
302040,46192,1845432,79383.0,,38,1
302300,46239,1870450,4786.0,,,1
308373,47085,1642428,14500.0,,17,1
309016,47136,1639171,80829.0,,28,1
310714,47368,681363,671.0,,,1
310766,47383,1890398,81156.0,,12,1
311107,47437,2509219,81222.0,,14,1
311123,47447,2408056,81231.0,,40,1
314887,47823,2310522,81708.0,(voice) (uncredited),,1
319754,48520,2293516,44678.0,(uncredited),,1
321830,48933,1841105,72976.0,,21,1
322971,49162,2081038,11896.0,,28,1
326840,49787,2300343,1486.0,,23,1
328736,50098,1746975,1173.0,,10,1
329608,50236,2425311,85552.0,,20,1
332735,50570,220568,86090.0,,,1
333276,50684,1648483,86262.0,,8,1
333877,50708,1675008,86290.0,,26,1
335644,50937,2223191,7502.0,,31,1
338135,51281,2115325,87165.0,(voice),8,1
344161,52104,1714929,927.0,,30,1
345118,52291,1790260,,,6,1
345289,52320,2388426,88657.0,,2,1
345290,52320,2388429,88657.0,,1,1
345349,52341,2058467,6439.0,,48,1
346047,52416,1901341,88923.0,,53,1
346331,52486,1740357,88996.0,(uncredited),,1
351444,53216,2392833,88037.0,,8,1
355175,53531,2441738,90425.0,,20,1
366442,55016,2222934,92792.0,,41,1
369027,55453,1815836,93439.0,(uncredited),,1
370679,55554,254158,663.0,,,1
373507,55846,1973893,94191.0,(uncredited),,1
374909,55970,1911420,94510.0,,25,1
378155,56312,1834312,95189.0,(as Maurice S. Argent),15,1
378456,56323,1852271,9662.0,,27,1
378606,56350,2219990,95238.0,(uncredited),,1
378773,56361,2327039,4619.0,,14,1
379113,56392,2000816,48684.0,,28,1
381534,56648,2487498,95793.0,(uncredited),,1
383883,56990,2154234,1640.0,,27,1
384864,57180,2469533,96457.0,,13,1
385477,57273,2212432,96633.0,(uncredited),,1
388917,57651,1752206,8117.0,,26,1
390435,57819,1847711,97897.0,,13,1
391871,58037,1904811,98204.0,(as Pedro Armendariz),3,1
394845,58356,2264273,932.0,,9,1
397133,58527,1681360,99450.0,,11,1
397145,58527,1837765,99458.0,,31,1
397202,58527,2473365,99496.0,,12,1
397560,58530,1114405,6052.0,(voice: English version),,1
399654,58847,1771985,100096.0,,3,1
399696,58847,2215081,100126.0,,8,1
405247,59398,2404958,85.0,,39,1
405380,59427,2127667,101520.0,(voice),4,1
407255,59694,1848002,3112.0,(uncredited),,1
408649,59912,1674048,102636.0,,109,1
410524,60038,1902253,103015.0,(as Mr. Tom Arnold),8,1
413759,60537,1898811,103959.0,,1,1
416395,60759,2118753,,,,1
416413,60759,2267780,104361.0,,13,1
416415,60759,2267787,104363.0,,23,1
424478,61637,2018121,105515.0,(uncredited),,1
425212,61834,2396429,105707.0,(as Nicholas,8,1
425518,61855,1974811,,,29,1
428156,62227,134088,565.0,(2013),2,1
428829,62432,1938935,82251.0,,19,1
432830,63111,2296265,107436.0,,15,1
432850,63120,2256356,107442.0,(uncredited),,1
434795,63431,2379293,29818.0,,19,1
435917,63793,1726623,,,,1
439719,64241,702554,109108.0,,10,1
441861,64363,2486522,109338.0,,1,1
443510,64477,1199941,109652.0,,4,1
444110,64494,1834382,109732.0,,2,1
445777,64661,1696516,110021.0,(voice),43,1
447046,64835,1744332,1316.0,,48,1
447081,64835,2353159,8281.0,,12,1
449397,65214,2116740,111119.0,(uncredited),,1
452555,65562,2361709,22220.0,,7,1
453728,65636,2389571,112134.0,,22,1
460856,66339,2465453,113820.0,,6,1
463506,66745,2085959,51500.0,,113,1
469953,67692,2369924,95379.0,,5,1
470326,67778,1699368,1368.0,,,1
471133,67883,1783923,1.0,,,1
474342,68318,1855876,116690.0,,6,1
474366,68318,2006991,31160.0,,4,1
476237,68625,2296721,3503.0,(voice) (uncredited),,1
477199,68752,2487658,3009.0,,26,1
477660,68855,2310419,117779.0,(uncredited),,1
482202,69309,2461807,118973.0,,44,1
484120,69669,1982722,119706.0,(uncredited),,1
484121,69669,1984382,3469.0,(uncredited),,1
484293,69698,2181443,119782.0,,6,1
488721,70267,1733635,120892.0,,23,1
492449,70932,1736553,,(uncredited),,1
493113,70951,2386590,3661.0,(uncredited),,1
494413,71156,1960111,46023.0,,10,1
503832,72102,2488771,772.0,(as J. Aviance),50,1
523196,74603,1879562,1109.0,(uncredited),,1
526640,75410,2382362,14.0,,,1
529606,76139,2309801,130211.0,,25,1
531751,76530,2278144,,(voice),1,1
542064,77886,1786877,3502.0,(uncredited),,1
542190,77903,1688763,133275.0,,7,1
542337,77903,2501106,133331.0,,1,1
554533,79484,2280053,15897.0,,12,1
555803,79748,2299747,514.0,(uncredited),,1
555834,79753,2023317,136543.0,,19,1
562170,80744,2377891,138032.0,(voice),1,1
568798,81713,1634303,3129.0,(voice: English version),36,1
572335,82032,382296,140309.0,,,1
579796,83129,2105329,142113.0,(voice),,1
583708,83130,1715497,143087.0,,31,1
583887,83164,2171937,143156.0,(uncredited),,1
584176,83188,768434,143239.0,,10,1
586283,83451,1923289,143904.0,,5,1
589227,83865,1641542,1261.0,,3,1
593289,84230,2416227,17928.0,,19,1
593541,84281,1791852,2148.0,,2,1
596635,84826,2157430,21783.0,,6,1
599826,85561,2126344,146917.0,(voice),,1
599931,85570,2197518,146955.0,(uncredited),,1
605183,86019,329020,147897.0,,,1
607406,86278,1681388,148427.0,,1,1
614099,87299,1735606,10798.0,,,1
625381,89071,2451567,1683.0,,10,1
626311,89113,2398812,2369.0,(as Yakov Banai),28,1
627199,89267,2476867,153122.0,,22,1
627278,89268,2467164,908.0,,24,1
629060,89615,2224221,153389.0,(voice),1,1
630938,89706,2103098,23081.0,,24,1
636812,90709,1808226,16497.0,,11,1
638374,90903,2502116,21131.0,,9,1
648525,92124,2472543,601.0,,39,1
653589,92799,1758479,157797.0,(as Luca Giorgio Barbareschi),4,1
655513,93093,1928202,158203.0,,24,1
662087,94112,1776142,1231.0,(voice),7,1
662162,94116,2441463,159890.0,,45,1
662667,94181,905438,322.0,(as Terry Jang Barclay),,1
679720,95404,2399065,7546.0,,2,1
679939,95471,1942707,55190.0,,32,1
682231,95698,240828,18433.0,,,1
683933,95957,2283904,1784.0,(uncredited),,1
685519,96274,1754950,163598.0,,17,1
686196,96372,1732570,71446.0,,5,1
689379,96969,1781140,79317.0,,27,1
690114,97124,2375319,52152.0,(uncredited),,1
692018,97488,2444831,,,12,1
694752,98014,2374523,21049.0,(uncredited),,1
706182,99732,454333,1.0,,,1
708617,99894,2434734,169566.0,,5,1
721464,100889,2056259,171682.0,(uncredited),,1
722166,101026,2355407,171895.0,(as Raymond Barry),5,1
732836,102463,499983,,,,1
743757,103912,1737228,177274.0,(uncredited),,1
745686,104226,2288969,348.0,(uncredited),,1
749200,104791,1683315,178506.0,,11,1
756912,105799,2416035,180023.0,,4,1
759612,106147,2366544,180608.0,(uncredited),,1
763235,106771,2199691,181434.0,(as Don Batte),26,1
763608,106884,1714856,1486.0,,,1
769220,107788,2203191,182906.0,,,1
774206,108469,1670487,183976.0,,32,1
774367,108528,1806900,184008.0,,2,1
779046,109101,2412582,184996.0,,14,1
779397,109163,1964634,185160.0,,23,1
782522,109758,1844334,3177.0,,16,1
783522,109781,1938944,186167.0,,35,1
784033,109815,869102,4361.0,(voice),,1
789337,110656,2245132,187516.0,,37,1
793422,111214,2377946,188467.0,(voice),1,1
794022,111233,1689514,145187.0,,2,1
795019,111506,1683603,15683.0,,7,1
796834,111818,2310459,189282.0,(voice),5,1
812203,114169,2004044,193405.0,,56,1
817184,114606,1097142,194560.0,,,1
825657,115821,405300,196514.0,,,1
839648,117570,1707420,200166.0,,14,1
844136,118577,1715533,201289.0,(as Robert N. Bell),41,1
845783,118782,1998206,201561.0,,16,1
846814,118837,1808720,663.0,,9,1
847789,118894,2475690,2945.0,,24,1
848022,118933,2105124,202041.0,(uncredited),,1
856376,119921,2422127,204144.0,,31,1
866239,121397,524182,206114.0,,,1
868281,121766,2036253,206478.0,,,1
869286,122056,1820691,15533.0,,,1
875253,122819,2322807,207726.0,,18,1
879153,123246,2485973,5547.0,(as Robert Patrick Benedict),9,1
883066,123763,1779659,26912.0,(uncredited),,1
884266,124008,1649993,210244.0,,29,1
900223,125782,2190360,,,,1
902692,126038,2123445,1.0,,,1
904005,126226,2507906,214866.0,(uncredited),,1
904183,126232,2341714,255.0,,,1
905034,126344,1923317,2090.0,,8,1
910062,126840,2370436,216142.0,,1,1
939521,130644,1378228,53.0,,,1
940668,130709,1373371,53.0,,1,1
954972,132658,1477600,1.0,,,1
956935,132932,1824178,5602.0,(uncredited),,1
960269,133371,1893991,227103.0,(uncredited),,1
960949,133451,2497146,83761.0,(voice),18,1
963268,133735,2128153,227641.0,,8,1
964857,133947,2175268,2409.0,,1,1
968369,134493,1694977,229062.0,,10,1
998019,139471,2308063,20864.0,(uncredited),,1
998300,139536,1930671,1.0,,,1
998431,139563,922913,236815.0,,,1
1005062,140385,2419110,238531.0,,2,1
1017049,142085,2475934,31264.0,,19,1
1019876,142360,2340644,242294.0,,41,1
1020866,142422,2498195,1486.0,,2,1
1022733,142763,1658520,1687.0,,,1
1022914,142770,2220541,243160.0,(as Dr. Anil Biltoo),22,1
1028669,143867,1814226,244695.0,(as Michael Powers),10,1
1036779,145065,1904036,663.0,,30,1
1048149,146648,1965712,48181.0,,19,1
1049870,146900,2306854,1231.0,,,1
1050607,147025,2436621,,,20,1
1053871,147616,1969435,250680.0,(uncredited),,1
1060656,148454,1398861,251944.0,,,1
1067496,149252,1924463,253145.0,(uncredited),,1
1073752,150002,1190448,,(voice),,1
1074110,150090,1721174,,,2,1
1074150,150091,2410540,,,,1
1074418,150109,1021985,254817.0,,,1
1086732,151218,1700103,257452.0,(voice: English version),12,1
1086849,151261,2388527,514.0,(uncredited),,1
1089030,151765,2153717,1683.0,,4,1
1092063,152153,2200043,258517.0,,7,1
1106044,154008,2310730,261682.0,(voice),,1
1108152,154352,1969964,102423.0,(uncredited),,1
1111745,154788,339655,262882.0,(2003),14,1
1124782,155900,2109160,,,,1
1132048,157094,1823975,113386.0,,,1
1133262,157344,2479025,1.0,,,1
1142394,158632,1718090,269565.0,(voice),8,1
1144097,158864,2091575,269861.0,,27,1
1157195,160681,1803352,142134.0,(voice: English and Italian versions),24,1
1162380,161483,2259173,37714.0,,1,1
1166567,162071,2373344,18001.0,,15,1
1183657,164422,2398810,17654.0,(also as De Veren Bookwalter),10,1
1192103,165663,1675189,2247.0,,19,1
1200535,166500,1676031,282075.0,,2,1
1200643,166500,2294839,282123.0,(voice),22,1
1202436,166866,1742431,3201.0,,14,1
1202553,166904,2122822,282562.0,(as Andrzei Borkowski),29,1
1208698,167758,1829337,283787.0,,2,1
1218976,168993,1695295,,(as Alan Bassinger),,1
1222546,169423,1785550,240.0,,,1
1236334,171635,2091940,,,,1
1238561,171951,1672120,,,31,1
1247697,173551,2019010,15501.0,,12,1
1248238,173622,2062696,,(uncredited),,1
1248329,173647,2183050,35712.0,,5,1
1256478,174817,565376,1086.0,,,1
1260316,175249,2271182,5789.0,(voice),3,1
1273200,176320,2001806,297404.0,,11,1
1276903,176843,694007,298153.0,,,1
1284045,177718,1808588,6705.0,,53,1
1286010,178016,1938937,300230.0,,31,1
1286385,178045,15711,5823.0,(1981-),5,1
1292446,178883,1724828,5472.0,,6,1
1304790,180113,1983431,303699.0,,32,1
1305325,180151,1902824,303820.0,,7,1
1312584,180737,2383850,305105.0,,4,1
1312911,180756,2231672,1187.0,,11,1
1315981,181030,1838510,1.0,(archive footage) (as Dr. Karl Brandt),,1
1317127,181059,471328,,,,1
1324598,182124,1851748,436.0,,,1
1329969,182778,1884516,5296.0,,4,1
1356948,186123,1666408,1245.0,,4,1
1366572,187373,2288700,316704.0,,2,1
1366616,187373,2349607,316686.0,,1,1
1368762,187499,2151922,317156.0,,7,1
1373390,188226,2293916,30719.0,,7,1
1375790,188498,2419462,27270.0,(as A. Wilford Brimley),2,1
1390794,190453,1501418,,(voice),,1
1391535,190613,1584970,230477.0,,,1
1393382,190929,1439136,,,,1
1396107,191177,2306811,323301.0,,1,1
1411535,192969,1718813,21234.0,,19,1
1414150,193077,1095518,264.0,,2,1
1416205,193405,1942750,4208.0,,7,1
1426647,194947,1812106,329594.0,,3,1
1428817,195209,2349150,1.0,,,1
1435784,196382,710182,8820.0,,2,1
1468985,201562,2100054,1342.0,,,1
1472019,202135,2078909,239984.0,(uncredited),,1
1511201,207147,1973106,346424.0,,6,1
1512446,207378,2441468,346714.0,,10,1
1514014,207631,2241230,51951.0,,,1
1516825,207999,2307081,347662.0,,,1
1523967,209044,2129826,349137.0,,8,1
1524249,209105,2153790,1617.0,,23,1
1567262,214589,1987509,358455.0,,3,1
1599407,218734,1874670,5832.0,,3,1
1603483,219125,1685111,,,,1
1609095,219496,1914441,20510.0,,11,1
1612658,219959,1539462,367838.0,,5,1
1619771,220876,2339687,369415.0,,11,1
1625509,221526,490122,7282.0,,,1
1658178,226079,2010754,375885.0,(as Gregory Mars Martin),20,1
1663468,226631,1656343,376821.0,,5,1
1667245,227084,2006646,9897.0,(uncredited),,1
1668025,227224,873531,,,1,1
1694030,230514,2282609,2997.0,,1,1
1708582,232348,1848923,384492.0,(uncredited),,1
1714518,233134,1208663,1.0,(voice) (uncredited),,1
1715401,233213,1070700,1.0,,,1
1716003,233347,570494,1.0,,,1
1718223,233614,2056216,1097.0,,13,1
1744002,236606,2265042,204.0,(uncredited),,1
1747613,237119,1939156,52215.0,,8,1
1748012,237189,2342956,53.0,,,1
1786674,241724,1761263,1.0,,2,1
1787073,241796,1239077,338247.0,,6,1
1838837,247254,1041150,1852.0,,,1
1849807,248325,2300510,1245.0,,,1
1900354,254066,1880115,415273.0,,1,1
1978316,263990,2283001,429944.0,,,1
1978732,264150,2513382,,,,1
2003635,267647,2018117,435111.0,(voice),,1
2008552,268403,1146803,1751.0,,3,1
2013393,269589,1959835,437499.0,,2,1
2018326,270465,2152299,438458.0,,6,1
2020372,270875,2334325,2792.0,,,1
2028829,272760,2387850,441231.0,,2,1
2029339,272880,1811612,441294.0,(voice),10,1
2036606,273988,2338369,7247.0,,13,1
2041986,274410,2171316,444070.0,,,1
2044901,275003,1483469,33700.0,,,1
2045525,275143,2292293,,,,1
2050841,275892,1193008,445812.0,,,1
2058819,277176,1537082,,,,1
2079535,281012,1673708,335.0,,5,1
2106817,284647,2505659,3460.0,,9,1
2138397,288905,1963958,462757.0,,17,1
2142993,289243,1703858,205.0,,,1
2166315,292391,1940569,,,,1
2181769,294186,1843836,471264.0,,19,1
2199744,296598,80501,1.0,,,1
2208923,298275,456192,21.0,,,1
2214606,298725,260768,106273.0,(uncredited),,1
2262937,304763,1373335,1.0,,,1
2294721,308521,1208810,9344.0,,1,1
2328639,312747,2404517,499317.0,,,1
2361014,316429,1840900,8405.0,(uncredited),,1
2374539,317913,1788788,506982.0,,14,1
2411005,321900,1746787,,,9,1
2428793,324309,1221651,,,,1
2461666,328933,1886025,107878.0,,,1
2487429,332368,1934956,,,,1
2490518,333055,1797601,41976.0,,7,1
2503744,334396,2215905,249534.0,,3,1
2514653,335493,1268019,531414.0,(voice),,1
2539190,338024,2320999,488850.0,,2,1
2577444,342294,781373,223.0,,,1
2585639,343947,2075635,,(as Dale Dabone),6,1
2591503,344712,2390060,321.0,,,1
2617785,348044,1663611,,,,1
2624638,348906,2326576,551291.0,,3,1
2648189,352085,1817137,555617.0,,21,1
2652291,352717,154534,115.0,,4,1
2702673,359771,2469793,,,,1
2703623,359971,2201639,,,,1
2765602,367912,2362679,1.0,,,1
2820488,374685,2071313,850.0,,,1
2824374,374943,2442833,,,,1
2882772,383467,2050469,594791.0,,,1
2919576,388380,637037,53.0,,,1
2955180,393458,1989593,608794.0,(voice),4,1
2962379,394554,2332725,44042.0,,,1
2997242,399053,1000023,255.0,(1998),,1
3030926,404187,1229671,622452.0,,1,1
3055801,408478,2069519,,(voice),,1
3097393,413432,1765136,,,,1
3119018,416605,2195836,,,8,1
3149754,421503,2092282,17580.0,,8,1
3176589,424923,2006299,1751.0,,,1
3245401,434165,1687737,,,,1
3251713,434815,2320234,,(voice),,1
3325547,445696,2003546,679398.0,(voice),9,1
3334380,446937,720509,,,2,1
3349176,448814,1666189,,(voice),5,1
3431749,460636,2407244,34200.0,,,1
3445165,462261,1928810,368.0,,4,1
3494541,469238,2144810,366469.0,,,1
3523675,473144,874971,162210.0,,2,1
3599172,482131,2275891,,,,1
3650258,487355,2309305,123129.0,,3,1
3665999,489769,2470200,,(voice) (as Johnnie Fiori),2,1
3670705,490487,880143,736789.0,,1,1
3682687,492559,2493833,739410.0,,,1
3836652,512810,2480605,767409.0,(2000),,1
3881352,518239,1818976,9556.0,,5,1
3913498,522675,1150848,31486.0,(voice),,1
3985474,532487,550982,793246.0,,,1
3993111,533427,475906,5253.0,,2,1
4106670,549340,307716,812833.0,(1992-1993),,1
4109232,549792,1806210,,,2,1
4142387,554937,1843951,819493.0,,1,1
4178091,559241,673893,2292.0,,,1
4188971,560738,1449441,1.0,,,1
4218002,564658,1107161,,,,1
4236515,567055,2167215,696.0,(as Drew Evans),,1
4243884,567961,2458275,,,,1
4244419,568062,339787,354704.0,,,1
4246059,568342,1737735,,,,1
4269486,571457,1638084,,,,1
4281155,573193,47575,2250.0,,,1
4363459,583388,2076328,,(voice),,1
4370284,584134,238919,855187.0,,1,1
4376758,585105,1976481,,,,1
4466427,596945,1242191,872184.0,(voice),2,1
4559619,611161,72095,53.0,,,1
4588647,614915,1738987,,(voice),,1
4608040,617137,1964971,436.0,,,1
4648174,623227,2185351,53.0,,1,1
4655834,623991,560164,5456.0,,,1
4698873,629627,543804,73325.0,(as Suguru Hamura),3,1
4743457,636345,1877619,7275.0,(voice),,1
4766271,639035,2224884,925938.0,,,1
4793192,643040,1270617,203746.0,,1,1
4846786,650905,1922712,941006.0,,9,1
4850360,651453,1782969,205.0,,2,1
4863850,652967,1839794,,(voice),,1
4954717,664779,1804923,23618.0,,1,1
5052876,677722,914359,130818.0,(voice),5,1
5058585,678397,606911,779710.0,,5,1
5143022,690174,2215744,1.0,,,1
5232952,701516,1757888,,,,1
5245639,703447,1812161,663.0,,,1
5265905,705897,2198282,1014157.0,,1,1
5322489,714210,2096125,1024709.0,(voice),,1
5358373,719219,935407,1.0,,,1
5439227,730793,858318,1044821.0,,,1
5633610,759743,1303942,1076984.0,,,1
5675142,765653,2191466,,,,1
5679433,766597,150460,5698.0,,1,1
5697706,768836,2301601,173940.0,,1,1
5746935,777491,1968457,1096809.0,,3,1
5777761,782077,854467,1102064.0,,3,1
5825701,789314,2452923,,,,1
5883636,797016,1647328,1121988.0,,1,1
5884763,797121,1341586,909298.0,(1978-1979),,1
5886880,797431,1577542,1122611.0,,,1
5942642,804010,927931,1132497.0,,,1
5983236,811473,1996405,1140780.0,(Father),1,1
6003102,814361,570846,223.0,,1,1
6135147,834702,1805377,,,,1
6294552,859330,2061024,436.0,(English version),,1
6366342,868661,1826110,,(archive footage),,1
6380932,870377,2035309,,,,1
6448784,880256,2375328,,,,1
6609396,903852,1926418,142543.0,,1,1
6663063,912433,2440909,1259779.0,,8,1
6692433,916707,2301620,1.0,,,1
6726323,920733,1060304,53.0,,2,1
6790580,929844,2316270,,,,1
6812145,932643,557099,1283755.0,,,1
6815425,932854,1219279,2719.0,,,1
6889465,942251,1221756,,,,1
6959724,951363,1408280,18631.0,,,1
7135770,976390,2132106,,,,1
7222740,987651,1958929,793.0,(archive footage),,1
7332277,1000850,1677515,,,,1
7556270,1030878,2288577,174620.0,,,1
7758103,1058450,1659889,1430406.0,,,1
8017575,1092328,836538,,,,1
8054972,1097205,2468818,873092.0,,,1
8228290,1121584,1982402,,,3,1
8399527,1145127,795861,1527018.0,,,1
8416254,1146555,2390616,639711.0,,,1
8416782,1146614,130250,1529303.0,,1,1
8433939,1148251,1175656,,,,1
8543439,1162826,340123,10185.0,,,1
8544475,1163061,2515741,1.0,,,1
8766950,1195794,1624381,1.0,,,1
8912740,1214709,2495026,,,,1
8962167,1222644,1308096,1610260.0,(1989-1992),9,1
9056013,1234520,2033473,31431.0,,,1
9228810,1259321,1983440,1651024.0,(voice),,1
9304906,1270458,1883768,,,,1
9407115,1285312,1704398,78999.0,,2,1
9458736,1291925,1904265,1.0,(conductor),,1
9485732,1295676,1039219,883599.0,,,1
9662714,1318134,55006,223.0,,1,1
9673277,1319765,79451,255.0,(2009),,1
9689410,1321462,2270710,,,,1
9757406,1329840,1271563,436.0,,,1
9835988,1339782,2276821,,,2,1
9840630,1340616,2420273,137995.0,,,1
10059620,1371697,2329444,,,,1.0
10143622,1382874,1740040,155.0,,,1.0
10146529,1383022,1864092,1780460.0,,,1.0
10168670,1386010,1834773,1.0,(as Prof. Maurizio Scaparro),,1.0
10240165,1396211,2266868,534.0,,,1.0
10512835,1436038,2276940,,,,1
10604573,1449874,2026554,436.0,(voice),,1
10649112,1457159,2398687,1860276.0,,2,1
10688107,1463128,2006154,1865355.0,(voice),,1
10795623,1479074,1748199,1.0,,,1
10916918,1495019,2475850,,,,1
11125166,1523296,2275057,1.0,(as Joel Seria),1,1
11224261,1537515,1364637,255.0,,1,1
11250688,1540997,2520417,1949595.0,,1,1
11388192,1561889,1841044,1970473.0,,,1
11426754,1567566,845308,1.0,,1,1
12099022,1660191,341223,53.0,,,1
12117748,1663347,1779121,816.0,(Jigen Daisuke),,1
12126247,1663585,2005213,795093.0,,,1
12267539,1682084,1002325,1.0,,,1
12289579,1684998,2456578,495.0,,,1
12842748,1761516,1880444,,(archive footage),,2.0
12881687,1766035,1910700,,,,2.0
12965419,1775772,2143919,3289.0,,,2.0
13010992,1782199,2090865,,(as Michelle Louise),,2
13195592,1805066,1959944,,,,2
13224220,1808605,1986475,,,,2
13261096,1813499,2154261,191855.0,,,2
13262870,1813783,1159629,,(as Tintin Bersola),1,2
13415886,1832349,1100284,4463.0,,,2
13652286,1863126,1535689,46773.0,,1,2.0
13903242,1894527,1475111,3768.0,,,2.0
13967998,1903602,2436213,,,,2.0
14047176,1913196,102972,2366498.0,,3,2
14131720,1923257,1334200,2377609.0,(1954-1959),,2
14234583,1937448,2431207,,,,2
14857458,2015814,1645485,4463.0,,,2
15031545,2036925,1221755,,,,2.0
15161036,2054489,1937501,,,1,2.0
15613128,2111806,1619986,,,,2.0
15768253,2133657,254886,603149.0,,,2.0
15854335,2145581,61931,270846.0,,1,2.0
15874616,2148448,2336140,,"(segment \Always Prepared\"")""",,2.0
16211600,2196252,898086,,,,2
17664971,2382301,504462,24332.0,,,2
17800171,2399377,745624,4463.0,,,2
18365133,2470767,1558485,270846.0,,1,2
18665633,2509875,1609332,2962742.0,(1991),,2
19249331,2587743,1128476,,,,2
19518439,2623016,2313329,,,,2
19742481,2649764,1891428,,(as Michaela),,2
20150277,2703971,2436431,,(co-producer),,3
20165925,2706154,1927295,,(producer),,3
20205775,1763350,1676447,,(producer),,3
20275634,2716920,952451,,(segment producer),,3
20301118,2719062,1970882,,(executive producer),,3
20327527,2721044,1823559,,(producer),,3
20332391,2721362,2236392,,(executive producer),,3
20447474,144830,2335985,,(producer),,3
20476592,2733390,2223058,,(executive producer),,3
20549065,2739626,1777076,,(executive producer),,3
20563320,195540,342024,,(producer),,3
20609087,2744287,442101,,(co-producer) (2002),,3
20636531,226278,1156053,,(executive producer),,3
20665114,2749611,2001833,,(producer),,3
20787045,2762049,1801553,,(producer),,3
20800316,2763205,54291,,(associate producer) (2003),,3
20867218,2768009,2077199,,(producer),,3
20935924,357313,882986,,(producer) (first four episodes),,3
20936128,2774076,932402,,(associate producer) (2011),,3
20936721,2774094,1582958,,(executive producer),,3
20976574,2777959,1714632,,(producer),,3
20996825,2779932,1131934,,(producer) (pilot episode),,3
21010644,1957644,1367480,,(executive producer) (2011),,3
21050633,412730,2270075,,(executive producer),,3
21088769,430945,2016796,,(producer),,3
21202567,483324,904989,,(executive producer),,3
21237419,2801900,1149104,,(executive producer),,3
21290968,2806649,598632,,(executive producer),,3
21348475,2035731,2226786,,(producer),,3
21369692,2813222,1664376,,(executive producer),,3
21378157,2814094,2365565,,(producer),,3
21391707,2815488,1890702,,(executive producer),,3
21546806,2828286,2083505,,(executive producer),,3
21580143,627991,909001,,(line producer),,3
21703027,2841721,2322233,,(producer),,3
21707637,2842021,2512970,,(executive producer),,3
21723238,2843281,1913821,,(executive producer),,3
21819608,728160,1899349,,(producer),,3
21864552,2856881,1909928,,(producer),,3
21907968,2861026,1882274,,(executive producer),,3
21982118,2867289,240859,,(producer),,3
21993405,2868709,2148148,,(producer),,3
22132750,2881877,776645,,(associate producer),,3
22216389,904024,2468537,,(producer),,3
22273419,2253595,1207150,,(producer),,3
22449825,2911652,1191810,,(clearance producer),,3
22457102,2912217,2170880,,(co-producer),,3
22849308,2948756,2273429,,(producer),,3
22934693,2957419,1890563,,(executive producer),,3
23062887,2969537,8144,,(producer),,3
23310548,2991652,113310,,(producer),,3
23335693,2993517,1921297,,(producer),,3
23630423,3018862,2163967,,(producer),,3
23642798,3020104,2030470,,(producer),,3
23712744,3026508,2381072,,(producer),,3
23792790,1602411,1815183,,(producer),,3
24170860,3066468,1571155,,(writer),,4
24312067,118902,1864888,,,,4
24581484,3090536,753256,,,,4
24832076,448071,1681517,,(novel),,4
24855806,467284,289569,,(series created by),,4
24955573,3112137,2003421,,(idea),,4
24967173,534104,905719,,(2 episodes 1992),,4
25046475,583341,1167233,,(creator),,4
25078178,600810,1417866,,(creator),,4
25079940,3119271,486345,,(scenario),,4
25120579,3121995,2020202,,(writing: Microsoft Game Studios),,4
25194222,3126114,2338475,,(creator),,4
25246955,710404,100296,,(creator),,4
25474732,3144266,341195,,(novel),,4
25691932,3157758,2359740,,,,4
25725412,1015872,1401602,,(creator) (uncredited),,4
25880081,1099880,48781,,(novel),0,4
26181203,2971307,525076,,(creator),,4
26203248,2469436,312321,,"(episode \Che Guevara (1998)\"")""",,4
26209345,1322165,1197283,,(creator),,4
26385856,3198633,1984547,,(comic),0,4
26505248,1497769,2245576,,,,4
26545555,3018840,2482713,,(commentary),,4
26887162,2712569,2363149,,,,5
27137467,562297,1743699,,(director of photography),,5
27327979,3274655,2100001,,,,5
27789852,3321555,1674655,,,,6
27861069,3330184,1693269,,,,6
27917941,2777597,1844599,,,,6
27927098,400941,1199136,,,,6
28170655,3366490,1168504,,,,6
28286850,3382099,2335507,,,,6
28309184,3182249,2183775,,,,6
29359109,548406,1856499,,,,8
29401997,2823393,2106252,,,,8
29432146,3459203,1686724,,,,8
29479514,676032,1279858,,,,8
29550595,2856650,976883,,(1974-1975),,8
29863086,1079533,1885554,,,,8
29939816,3475505,1903668,,,,8
30129158,3481323,2304313,,(as Slug),,8
30181620,3482851,1947460,,,,8
30383103,1608937,1203918,,,,8
30605597,2731436,404963,,,,9
30782470,430488,1610683,,,,9
30833969,3513962,590223,,,,9
31639200,3567938,1935457,,(programmer: BASIC),,10
31639207,3567939,2090292,,(program modificator),,10
33006252,3709304,1949725,,(game designer),,10
33070838,3457731,1959528,,(programmer),,10
33226814,632771,2275480,,(director: archive footage),,10
33226818,632771,2275484,,(director: archive footage),,10
33580470,3774671,1670763,,(programmer),,10
35407029,3976819,1923455,,(programmer),,10
35667893,1635024,2455850,,(compiled by) (uncredited),,10
