3127,8144,99,0000001212,
6019,15711,99,0000001212,
15709,47575,99,1......117,
18709,54291,99,0000001212,
18710,54291,100,25967,
19354,55006,99,....424...,
32292,100296,99,0000000016,
84828,254158,99,...2..2..6,
87606,260768,99,.1...4.111,
87607,260768,100,7,
91230,289569,99,300.010.01,
91231,289569,100,14,
98493,307716,99,00.01200.3,
107025,339655,99,010.001111,
107439,341195,99,....2224..,
107616,339787,99,0.0.111011,
107667,340123,99,222...2.2.,
107985,342024,99,00.0000123,
107986,342024,100,151,
131448,442101,99,0000001212,
131449,442101,100,21062,
131450,442101,101,7.3,
157596,497814,99,210.001102,
167055,525076,99,0000012101,
167056,525076,100,1009,
185262,570494,99,5....13...,
185263,570494,100,6,
220392,681363,99,0000000124,
220393,681363,100,12263,
226572,702221,99,1000000113,
226746,702554,99,0....01302,
238332,753256,99,0.000.0212,
242175,768434,99,.0..103211,
253218,795861,99,1.....1015,
255204,810924,99,1001010101,
282882,880143,99,0...01.213,
284610,882986,99,1000000024,
289953,898086,99,...00.0.07,
293124,905438,99,.....213.1,
293199,905719,99,1000000015,
293200,905719,100,11660,
293201,905719,101,8.5,
299286,914359,99,2...1.3.12,
303021,932402,99,10.0001113,
305292,945164,99,1.11.2.1.1,
305293,945164,100,7,
312852,976883,99,1.11001101,
312853,976883,100,18,
329934,1039219,99,000.000223,
340053,1070700,99,1.......16,
350925,1097142,99,00.0..0042,
350926,1097142,100,27,
350927,1097142,101,7.4,
355434,1113728,99,....121122,
355743,1114405,99,0000000124,
355744,1114405,100,2502,
363771,1131934,99,0000000124,
369096,1146803,99,0...001322,
369097,1146803,100,189,
370446,1149104,99,1000001102,
370447,1149104,100,127,
375042,1167233,99,0000001113,
385731,1197283,99,0000000124,
392388,1208663,99,0000001113,
392389,1208663,100,109,
400665,1239077,99,0000122000,
400666,1239077,100,224,
402282,1242191,99,1.1.1.11.1,
402283,1242191,100,6,
402284,1242191,101,5.5,
410022,1268019,99,0.....3211,
411636,1271563,99,....122.14,
411637,1271563,100,10,
411638,1271563,101,6.6,
417555,1279858,99,0..00.1204,
427638,1308096,99,0000001212,
427639,1308096,100,15734,
439611,1334200,99,0000000124,
439612,1334200,100,397,
443115,1341586,99,0000011102,
467445,1401602,99,0000000125,
469629,1408280,99,.....01321,
474522,1417866,99,0000000124,
485397,1443434,99,0000001113,
503010,1501418,99,..11.24..1,
503011,1501418,100,9,
509604,1527104,99,..00000204,
509605,1527104,100,36,
522417,1571155,99,0..0000114,
524835,1582958,99,1..0001012,
524836,1582958,100,32,
534387,1609332,99,1000111001,
534501,1610683,99,00.0000123,
536289,1619986,99,....031201,
536290,1619986,100,13,
540591,1634303,99,10.0002212,
540592,1634303,100,49,
541002,1634672,99,0000122100,
541003,1634672,100,8981,
541004,1634672,101,5.9,
542199,1635736,99,0000121000,
543009,1636419,99,0000001113,
543936,1638084,99,..5...1.11,
544833,1638977,99,0000121100,
545040,1639171,99,0000013200,
547602,1641542,99,0000122100,
548454,1642428,99,0000012100,
551211,1645485,99,30...0.005,
551703,1646065,99,0000001123,
552390,1647328,99,...321...2,
553380,1648483,99,0000002311,
553381,1648483,100,7348,
554343,1649993,99,0000012211,
558474,1656343,99,0000012211,
558600,1656633,99,0000012211,
558954,1657149,99,0000002311,
559851,1658520,99,0000002211,
559852,1658520,100,1881,
560733,1659801,99,0000122100,
566616,1664877,99,0000012101,
572136,1670487,99,0000012211,
572418,1670763,99,.2..2..2.4,
572419,1670763,100,5,
573681,1672120,99,0000011101,
575211,1673708,99,0000012200,
575454,1674048,99,0000023100,
576057,1674438,99,0000122100,
576336,1674655,99,.1..11.5..,
576813,1675008,99,0000013200,
576954,1675189,99,0000001223,
577545,1676031,99,0000012211,
580215,1678792,99,1001100001,
582318,1681078,99,0000002321,
582319,1681078,100,219091,
582320,1681078,101,7.8,
582651,1681360,99,0001210000,
582652,1681360,100,18331,
582653,1681360,101,4.6,
582696,1681388,99,0000002211,
584487,1683312,99,0000012211,
584488,1683312,100,41073,
584493,1683315,99,0001211000,
584760,1683603,99,0000013210,
586494,1686025,99,0....0...8,
586719,1686265,99,0000012211,
587538,1687027,99,0000000114,
588582,1688239,99,0000121201,
589155,1688763,99,0000001211,
589929,1689514,99,0000121101,
590730,1690275,99,0000012211,
590731,1690275,100,2893,
592905,1692593,99,0000023200,
593514,1693269,99,3.00001101,
593515,1693269,100,27,
595509,1695295,99,00.0120100,
595510,1695295,100,34,
595511,1695295,101,5.8,
596163,1696078,99,0000001222,
596164,1696078,100,42039,
596165,1696078,101,8.0,
596463,1696516,99,0000012211,
596499,1696524,99,0000122100,
596500,1696524,100,16640,
599223,1700103,99,0...001213,
602067,1703418,99,0000013200,
602856,1704289,99,0000001222,
606012,1707420,99,0001221000,
607761,1708971,99,0000012211,
610176,1711584,99,0000012211,
610177,1711584,100,52469,
613194,1714856,99,1000011211,
613287,1714929,99,0000013200,
613827,1715497,99,0000002311,
613828,1715497,100,183073,
613839,1715507,99,0000001222,
613896,1715533,99,0000012200,
613897,1715533,100,140168,
614061,1715613,99,0000001211,
614535,1716058,99,0000112100,
614536,1716058,100,125519,
616209,1717896,99,0000001212,
616210,1717896,100,168795,
616332,1718090,99,0000012101,
616333,1718090,100,32693,
616674,1718432,99,0000122100,
616675,1718432,100,57972,
617067,1718813,99,0001221000,
617068,1718813,100,29898,
617069,1718813,101,5.3,
623175,1724828,99,22..2....4,
625110,1727373,99,0000001222,
625111,1727373,100,260601,
625112,1727373,101,8.0,
625620,1728122,99,0000012100,
625621,1728122,100,14478,
628398,1731197,99,0000002211,
628399,1731197,100,41207,
628869,1731928,99,1011110000,
628870,1731928,100,15149,
630378,1733635,99,0000013200,
630379,1733635,100,122629,
630402,1733658,99,0000001222,
630403,1733658,100,299510,
630404,1733658,101,8.3,
633024,1735606,99,0....01015,
633891,1736553,99,0.01.11.04,
634623,1737228,99,0000012211,
636381,1738987,99,1.00011202,
636382,1738987,100,42,
637710,1740357,99,0000001311,
639852,1742278,99,02004.....,
639975,1742431,99,0000012211,
641727,1744332,99,0000001222,
643533,1746336,99,0001121000,
644145,1746975,99,0000001212,
644146,1746975,100,185020,
645258,1748199,99,1.....3.15,
647424,1750376,99,0001221000,
649011,1752206,99,0000121000,
649012,1752206,100,1882,
651561,1754702,99,0000111000,
651562,1754702,100,45568,
651795,1754950,99,0000012211,
651796,1754950,100,55346,
652527,1755639,99,0000013200,
652528,1755639,100,14103,
652529,1755639,101,6.8,
652740,1755884,99,0001111001,
654540,1757888,99,500.....02,
654541,1757888,100,15,
655098,1758479,99,1000011101,
655716,1759204,99,0000012100,
655717,1759204,100,220217,
655718,1759204,101,6.8,
657846,1761263,99,2..0000112,
658566,1761898,99,0000000123,
658854,1762242,99,0000001322,
658872,1762263,99,0000001321,
658873,1762263,100,298951,
658874,1762263,101,7.9,
659460,1762930,99,0000122100,
659461,1762930,100,9839,
663819,1767509,99,0000012211,
667491,1771247,99,0000012210,
667492,1771247,100,3940,
667493,1771247,101,7.0,
668049,1771985,99,0001121000,
671952,1775793,99,0000000233,
671953,1775793,100,317552,
672297,1776142,99,0000012211,
672298,1776142,100,57655,
673455,1777307,99,0000001123,
673456,1777307,100,200481,
675207,1779018,99,0000001212,
675315,1779121,99,2.0..01.32,
675657,1779499,99,0000002211,
675801,1779659,99,0000012211,
676818,1781032,99,0000023100,
676896,1781140,99,0000122100,
676897,1781140,100,14280,
677586,1781879,99,0000012210,
677587,1781879,100,86094,
681912,1786877,99,0000121000,
681913,1786877,100,14240,
682119,1787141,99,0000012201,
682120,1787141,100,150914,
682121,1787141,101,6.8,
682260,1787336,99,0000023100,
682261,1787336,100,123260,
683505,1788788,99,...2...1.5,
683506,1788788,100,7,
684717,1790260,99,1010100.0.,
684718,1790260,100,11,
686133,1791852,99,0000001222,
695568,1801829,99,0000001222,
695569,1801829,100,55089,
697101,1803352,99,0000011211,
697102,1803352,100,500,
698847,1804923,99,110.011011,
700038,1806900,99,3.....1..5,
701868,1808226,99,0000012211,
702165,1808499,99,0000111000,
702234,1808588,99,0000122100,
702363,1808720,99,0000001212,
704796,1811383,99,0000012211,
704797,1811383,100,19720,
705285,1811612,99,20..10.004,
706005,1812106,99,0000011211,
708126,1813965,99,0012110001,
708127,1813965,100,80,
708453,1814226,99,0001111001,
710043,1815836,99,0000122100,
711372,1817137,99,0000012311,
713175,1819861,99,0000002311,
713176,1819861,100,56534,
713823,1820691,99,12....13.3,
717768,1823975,99,0000001212,
717769,1823975,100,98,
717770,1823975,101,6.7,
717960,1824178,99,1111100000,
719862,1825976,99,0000001321,
719970,1826110,99,....1111.4,
720318,1826442,99,0000001321,
720319,1826442,100,60814,
720320,1826442,101,7.8,
721371,1827558,99,212.21...1,
722181,1828848,99,0000002311,
724929,1829337,99,0...0.0..8,
727497,1834312,99,0000002311,
730809,1837765,99,0000012100,
732750,1839794,99,0.10101200,
732751,1839794,100,14,
733968,1840900,99,0000001222,
734229,1841098,99,1111110001,
734230,1841098,100,794,
734247,1841105,99,0011221000,
734248,1841105,100,430,
736806,1843836,99,1011110000,
736875,1843951,99,2..1131..1,
737301,1844334,99,0000012211,
737302,1844334,100,9675,
737739,1844599,99,31111.10.0,
738549,1845432,99,0001121000,
740700,1847711,99,0000001222,
740701,1847711,100,12779,
741021,1848002,99,0000001212,
741759,1848747,99,0000012211,
741963,1848923,99,0000012101,
745602,1852271,99,0000111000,
748521,1855876,99,0001221000,
753009,1860493,99,0000001222,
753010,1860493,100,284739,
753663,1861431,99,0000012200,
756504,1864888,99,1.....0215,
756567,1864938,99,0000002311,
756568,1864938,100,55258,
764835,1874670,99,0000001223,
765621,1875744,99,0001221000,
766605,1876847,99,0000013200,
767409,1877619,99,1....0141.,
767410,1877619,100,17,
768945,1879562,99,1001111000,
770412,1881010,99,0000001212,
772767,1883352,99,0000001321,
773358,1883887,99,0000001221,
775527,1886025,99,0000012100,
775528,1886025,100,19451,
775529,1886025,101,6.3,
777936,1889101,99,0000000124,
779064,1890398,99,0000013100,
779067,1890399,99,0000122100,
779068,1890399,100,79623,
779069,1890399,101,6.2,
779160,1890444,99,0000122100,
782166,1893933,99,0000013200,
782217,1893991,99,0000121101,
786354,1898508,99,0000002311,
786672,1898811,99,1....101.4,
788868,1901341,99,0000122100,
788869,1901341,100,30547,
789861,1902253,99,0011210000,
790311,1902762,99,0000012211,
791049,1903720,99,0000122101,
791050,1903720,100,50853,
791051,1903720,101,6.4,
791325,1904036,99,0000022100,
792045,1904811,99,0000012211,
792046,1904811,100,56468,
796497,1909339,99,0000002311,
798336,1911420,99,0000001212,
798337,1911420,100,146299,
799011,1912052,99,0000221000,
799012,1912052,100,1395,
801225,1914441,99,1..142....,
802224,1915489,99,0000022100,
803361,1916633,99,0000023200,
803362,1916633,100,45386,
805920,1919568,99,0000001211,
808338,1922123,99,0000002211,
808339,1922123,100,19951,
808392,1922177,99,0001111000,
808863,1922712,99,0000012212,
809466,1923289,99,0000013210,
809517,1923317,99,0000002311,
809919,1923676,99,0000012210,
809920,1923676,100,27394,
810105,1923855,99,0000001213,
810585,1924419,99,0000013210,
810586,1924419,100,55341,
810636,1924463,99,0000002311,
812520,1926418,99,...1213.1.,
812616,1926514,99,0000012211,
814116,1928202,99,0000122100,
814458,1928596,99,0000122100,
814459,1928596,100,10678,
814460,1928596,101,6.2,
814668,1928826,99,0000001212,
814669,1928826,100,119008,
815046,1929179,99,0000001321,
820812,1934756,99,0000001212,
820813,1934756,100,104334,
820824,1934762,99,0001211000,
820825,1934762,100,14993,
820826,1934762,101,4.8,
823008,1937076,99,0000121100,
823009,1937076,100,3556,
824853,1938935,99,0000002211,
824854,1938935,100,233764,
824859,1938937,99,0000012211,
824880,1938944,99,0000012211,
824881,1938944,100,268288,
825153,1939156,99,1........8,
826566,1940569,99,..0.110.04,
826779,1940760,99,0000122000,
826780,1940760,100,51605,
827994,1942223,99,0000122100,
827995,1942223,100,33352,
828462,1942707,99,0000122000,
828519,1942750,99,0000002211,
830208,1944281,99,0000012200,
832035,1946759,99,0000122100,
833760,1948663,99,0000023100,
838383,1954155,99,0000012201,
842817,1958929,99,21......06,
842818,1958929,100,35,
843726,1959835,99,0000001321,
843897,1959944,99,0000000004,
843898,1959944,100,63,
843899,1959944,101,5.5,
844077,1960111,99,0000122100,
847710,1963958,99,0000002311,
848382,1964634,99,0001211000,
849327,1965712,99,0000002311,
849328,1965712,100,20771,
849329,1965712,101,7.6,
849882,1966327,99,0000122100,
850758,1967877,99,0001221000,
851163,1968457,99,1....1..51,
851164,1968457,100,6,
851165,1968457,101,6.0,
851580,1969435,99,0011210000,
851952,1969964,99,0001120001,
853728,1970343,99,0000121100,
853729,1970343,100,6219,
856356,1973106,99,0011111001,
856983,1973893,99,0000000124,
857619,1974811,99,0000001222,
863073,1981631,99,0000012211,
863661,1982722,99,0000000124,
864321,1983430,99,0000122100,
864324,1983431,99,0000001222,
864345,1983440,99,00.0222000,
865122,1984382,99,0000001222,
865281,1984547,99,2...2.1111,
865282,1984547,100,8,
865548,1984782,99,0000011112,
865549,1984782,100,30769,
867105,1986475,99,2...12.211,
867106,1986475,100,9,
867777,1987509,99,0000013200,
867778,1987509,100,10030,
868398,1988107,99,0000001213,
868399,1988107,100,7683,
869265,1988953,99,0000012211,
869952,1989593,99,0000011102,
873195,1993455,99,0000012101,
876510,1996405,99,0000012211,
877203,1997177,99,0000001222,
877204,1997177,100,242261,
878190,1998206,99,0001121000,
880932,2000816,99,0001221000,
881991,2001806,99,0000012101,
883878,2003546,99,0000113101,
884340,2004044,99,0001111001,
884341,2004044,100,14893,
885486,2005213,99,1....11112,
885510,2005230,99,0000122100,
886344,2006154,99,3..0...0.5,
886809,2006646,99,0000100122,
886810,2006646,100,559,
887184,2006991,99,0000001311,
887185,2006991,100,305791,
890691,2010754,99,0000023100,
890692,2010754,100,31115,
897813,2018121,99,0000001221,
897814,2018121,100,259879,
897815,2018121,101,7.8,
898737,2019010,99,0000001222,
898738,2019010,100,430219,
900318,2020394,99,0000001212,
903585,2023317,99,0000012211,
903720,2023465,99,0000122100,
906843,2026604,99,0000002311,
914829,2035127,99,0000012211,
916491,2036253,99,0000001222,
916492,2036253,100,22738,
926217,2047939,99,0000012310,
933912,2056216,99,0000012210,
933913,2056216,100,1146,
933914,2056216,101,6.5,
933975,2056259,99,0000001223,
933976,2056259,100,120149,
936234,2058467,99,0001111000,
936450,2058736,99,0000000123,
936451,2058736,100,321702,
938253,2060687,99,0000012211,
938254,2060687,100,40432,
938583,2061024,99,0000001222,
938584,2061024,100,8650,
939588,2062101,99,0000001321,
939589,2062101,100,62913,
940209,2062696,99,0000012211,
947256,2069519,99,0000001221,
948609,2071251,99,0000013200,
948651,2071313,99,...3.111.1,
949848,2072632,99,0000122100,
951222,2073984,99,0000001222,
956694,2079865,99,0000121100,
957156,2080366,99,0000013200,
957157,2080366,100,26243,
957786,2081038,99,0000123100,
957787,2081038,100,13228,
957788,2081038,101,6.4,
958782,2082277,99,0000121000,
958783,2082277,100,15652,
958784,2082277,101,5.7,
961533,2085021,99,0000001222,
962385,2085959,99,0000001212,
967470,2091575,99,0000001222,
967471,2091575,100,125859,
968628,2092282,99,0001111000,
976311,2100054,99,1000111100,
978975,2103098,99,0000002310,
978976,2103098,100,23879,
981138,2105124,99,0000002311,
981139,2105124,100,9934,
981348,2105329,99,0000000124,
986367,2110757,99,0000013200,
986368,2110757,100,174685,
988629,2113016,99,0000013200,
991002,2115325,99,0000012211,
991107,2115409,99,0000001222,
991108,2115409,100,68164,
992241,2116740,99,0000012310,
994602,2119236,99,0000002311,
994603,2119236,100,92132,
996180,2120909,99,0000111101,
996181,2120909,100,12494,
997854,2122822,99,0000013200,
997872,2122832,99,0000013200,
997873,2122832,100,156320,
1000803,2126344,99,0....000.7,
1000804,2126344,100,16,
1002063,2127667,99,0000023100,
1002171,2127768,99,0000221000,
1002492,2128153,99,0000001321,
1004271,2129826,99,0000112100,
1006245,2132106,99,1...1.2111,
1006246,2132106,100,7,
1006247,2132106,101,3.4,
1008372,2134604,99,0000001222,
1008373,2134604,100,163965,
1008765,2134996,99,0000002311,
1011129,2137424,99,0000121100,
1011130,2137424,100,7829,
1011131,2137424,101,5.9,
1011765,2138082,99,0000012211,
1011766,2138082,100,5236,
1014507,2141209,99,0000002321,
1017384,2143909,99,0001110000,
1018341,2144810,99,0000001211,
1024788,2152299,99,0000012211,
1026006,2153524,99,0000123100,
1026675,2153717,99,0121101..0,
1026834,2153790,99,0000001212,
1027125,2154234,99,0001111001,
1029039,2156258,99,0001111001,
1029915,2157430,99,0000122100,
1039080,2167215,99,....531...,
1040061,2168231,99,0000013200,
1040062,2168231,100,160295,
1040064,2168232,99,0000122100,
1042677,2171316,99,0000001211,
1042678,2171316,100,3518,
1043112,2171937,99,0000011112,
1043113,2171937,100,334,
1045923,2175100,99,0000012211,
1045924,2175100,100,53270,
1046070,2175268,99,0000000233,
1046071,2175268,100,404255,
1053141,2183050,99,0000012211,
1059534,2190360,99,...22.11.2,
1062720,2193755,99,0000001222,
1062721,2193755,100,71721,
1063827,2194978,99,0000013200,
1064214,2195461,99,0000111101,
1064598,2195836,99,100.000004,
1064991,2196263,99,0000112101,
1064992,2196263,100,378,
1066182,2197518,99,0000001321,
1066183,2197518,100,73133,
1067322,2198693,99,0000001321,
1067323,2198693,100,47637,
1068297,2199691,99,0000012111,
1068298,2199691,100,34665,
1068621,2200043,99,.000001212,
1070166,2201639,99,.....124.1,
1071465,2203191,99,21121....0,
1071466,2203191,100,32,
1074078,2205892,99,0000001321,
1074079,2205892,100,184697,
1080624,2212432,99,0001221000,
1082892,2215081,99,0000002311,
1083762,2215905,99,1.00031001,
1083763,2215905,100,44,
1084533,2216861,99,0000023100,
1087482,2219990,99,0000001212,
1088007,2220541,99,0000012211,
1089621,2222257,99,0000013200,
1090155,2222831,99,0000000124,
1090254,2222934,99,0000012211,
1090255,2222934,100,15831,
1090485,2223191,99,0000112100,
1091418,2224221,99,0000022100,
1091419,2224221,100,71231,
1091826,2224884,99,1..00003.0,
1093632,2226756,99,0000023100,
1094868,2228068,99,0001221000,
1094869,2228068,100,2357,
1098624,2231672,99,0000012101,
1105908,2239598,99,0000122100,
1106340,2240149,99,0000023100,
1106607,2240439,99,0000012210,
1107216,2241230,99,0000011001,
1107217,2241230,100,111,
1110939,2245132,99,0000002311,
1110940,2245132,100,222002,
1112697,2246891,99,0000013200,
1118556,2252737,99,0000012200,
1118557,2252737,100,4484,
1119405,2253591,99,0000013200,
1119406,2253591,100,57927,
1119407,2253591,101,7.0,
1122453,2256356,99,0000122100,
1122454,2256356,100,21792,
1123104,2257027,99,0000012111,
1123105,2257027,100,5375,
1124694,2258834,99,0000122100,
1124695,2258834,100,157350,
1124997,2259173,99,1000011101,
1130142,2264273,99,0000122100,
1130143,2264273,100,25679,
1130955,2265042,99,0000012211,
1130956,2265042,100,7294,
1130957,2265042,101,7.2,
1131054,2265125,99,0000001222,
1131055,2265125,100,310830,
1132599,2266868,99,0.010.03.2,
1132600,2266868,100,13,
1133550,2267780,99,0000012211,
1133551,2267780,100,151363,
1133559,2267787,99,0001221000,
1136682,2271182,99,0001111000,
1138560,2273429,99,...4222...,
1138561,2273429,100,5,
1143132,2278144,99,0.01.11013,
1145427,2280053,99,0000001222,
1146747,2281624,99,0000002311,
1146748,2281624,100,288509,
1147224,2282016,99,0000000124,
1148082,2283001,99,0000013210,
1148083,2283001,100,3168,
1148084,2283001,101,7.2,
1148997,2283904,99,0000013210,
1150653,2285619,99,0000001321,
1150654,2285619,100,384371,
1153590,2288700,99,1011210000,
1153791,2288969,99,0000001222,
1153792,2288969,100,424407,
1157811,2292893,99,0001111000,
1157812,2292893,100,10207,
1157813,2292893,101,5.0,
1158456,2293498,99,0000012211,
1158471,2293516,99,0000002311,
1158472,2293516,100,107484,
1158473,2293516,101,7.4,
1158849,2293916,99,0000012200,
1159368,2294518,99,0000001222,
1159674,2294839,99,0000122100,
1159675,2294839,100,52412,
1161066,2296265,99,0000013211,
1161531,2296721,99,0000002211,
1163556,2298731,99,0000122100,
1164411,2299747,99,0000001222,
1164987,2300343,99,0000023100,
1164988,2300343,100,64279,
1165101,2300510,99,0000011101,
1165102,2300510,100,112,
1167099,2302414,99,0000012211,
1168941,2304313,99,..1.1020.3,
1168942,2304313,100,13,
1168943,2304313,101,6.5,
1170300,2305993,99,0000122100,
1170301,2305993,100,228576,
1170302,2305993,101,6.3,
1171191,2306811,99,0000122000,
1171192,2306811,100,55073,
1171248,2306854,99,30..01001.,
1171497,2307081,99,..00112001,
1172295,2308063,99,0000012201,
1173921,2309801,99,0000001322,
1173922,2309801,100,164358,
1174425,2310419,99,0000012211,
1174426,2310419,100,37653,
1174536,2310459,99,1.00000113,
1174671,2310522,99,0000000123,
1174672,2310522,100,531178,
1174782,2310576,99,0000001212,
1174783,2310576,100,306070,
1174788,2310581,99,0000000123,
1174791,2310582,99,0000001222,
1174890,2310622,99,0000111001,
1175025,2310730,99,00..000214,
1175026,2310730,100,95,
1175601,2311159,99,0000012211,
1175602,2311159,100,154472,
1178760,2314470,99,0000022100,
1178761,2314470,100,13680,
1178762,2314470,101,6.4,
1183179,2319254,99,0000111101,
1183971,2320190,99,0000112100,
1183972,2320190,100,10378,
1186113,2322233,99,0..0001211,
1186743,2322807,99,0000122101,
1186744,2322807,100,173179,
1190466,2326576,99,0000013200,
1190467,2326576,100,26834,
1190468,2326576,101,6.7,
1190622,2326732,99,0000122100,
1190949,2327039,99,0000122100,
1190950,2327039,100,114851,
1191420,2327587,99,0.0.001113,
1191421,2327587,100,183,
1191422,2327587,101,6.5,
1192020,2328120,99,0000001212,
1196901,2332725,99,0.00002012,
1198431,2334325,99,0000013211,
1199514,2335507,99,.0001201.1,
1199898,2336140,99,0...000023,
1201809,2338369,99,0000000222,
1201810,2338369,100,12189,
1201902,2338475,99,..1131.1.2,
1201903,2338475,100,9,
1202439,2339030,99,0000001222,
1202440,2339030,100,435569,
1202451,2339034,99,0000122100,
1202452,2339034,100,194855,
1203189,2339687,99,0000002311,
1203190,2339687,100,18051,
1203191,2339687,101,7.4,
1203744,2340262,99,0001221000,
1203745,2340262,100,3711,
1204116,2340644,99,0000002311,
1204674,2341253,99,0000111101,
1204675,2341253,100,36549,
1205130,2341714,99,.00.310..1,
1206681,2342859,99,0000012200,
1206682,2342859,100,139847,
1210071,2346436,99,0000001123,
1210248,2349150,99,7....1.1.1,
1212114,2348556,99,0000121000,
1213332,2349607,99,0000001222,
1213860,2350102,99,0000011102,
1215522,2351862,99,0000002311,
1215528,2351864,99,0000023100,
1215529,2351864,100,121850,
1215534,2351867,99,0000002311,
1215535,2351867,100,214118,
1216701,2353159,99,0000122100,
1217241,2353842,99,0000001311,
1218696,2355407,99,0000132000,
1219602,2356313,99,0000012101,
1219603,2356313,100,92603,
1222833,2359940,99,0000001221,
1223109,2360200,99,0000122100,
1223532,2360583,99,0000000124,
1223533,2360583,100,941034,
1223547,2360588,99,0000000124,
1223548,2360588,100,592618,
1224723,2361709,99,0000001222,
1224951,2361920,99,0000001232,
1225584,2362567,99,0000012111,
1225833,2362875,99,0001221000,
1226145,2363149,99,....64....,
1229238,2366544,99,0000001222,
1230141,2367559,99,0000221000,
1231068,2368660,99,0001221000,
1231069,2368660,100,9329,
1232304,2369924,99,0000012100,
1232305,2369924,100,30378,
1232643,2370404,99,0000001212,
1232644,2370404,100,133204,
1232685,2370436,99,0000122100,
1232686,2370436,100,20833,
1235400,2373344,99,0000000125,
1235401,2373344,100,688738,
1235451,2373366,99,0000000124,
1235452,2373366,100,444810,
1235619,2373526,99,0000122100,
1235620,2373526,100,104295,
1236597,2374523,99,0000112101,
1236684,2374603,99,0000001222,
1236685,2374603,100,100904,
1236999,2374854,99,0000012212,
1237000,2374854,100,8504,
1237464,2375319,99,0000001222,
1237465,2375319,100,402004,
1239822,2377891,99,0000012101,
1239897,2377946,99,0000012101,
1241223,2379293,99,0000012211,
1243005,2381167,99,0000013200,
1243006,2381167,100,180401,
1243007,2381167,101,6.8,
1243101,2381267,99,0000013200,
1243102,2381267,100,184535,
1243103,2381267,101,6.9,
1244208,2382362,99,0.00131011,
1245807,2383850,99,0000122100,
1247055,2385023,99,0000002311,
1247056,2385023,100,206369,
1247784,2385726,99,0000121000,
1248159,2386033,99,00.0.31.12,
1248160,2386033,100,18,
1248705,2386590,99,0000002311,
1249770,2387850,99,0000013210,
1250358,2388426,99,0000000124,
1250359,2388426,100,715399,
1250360,2388426,101,8.8,
1250367,2388429,99,0000000124,
1250368,2388429,100,690732,
1250369,2388429,101,8.9,
1250376,2388432,99,0000000123,
1250377,2388432,100,620094,
1250493,2388527,99,0000012211,
1250494,2388527,100,61482,
1251126,2389164,99,0000012101,
1251127,2389164,100,81817,
1251432,2389571,99,0000002311,
1253742,2391739,99,0000012310,
1253743,2391739,100,27664,
1253744,2391739,101,7.5,
1253853,2391827,99,0000001222,
1253910,2391895,99,0000001221,
1253911,2391895,100,27039,
1254960,2392547,99,0000013100,
1254961,2392547,100,154797,
1254962,2392547,101,6.7,
1254990,2392568,99,0000023100,
1255212,2392833,99,0000000123,
1256484,2394259,99,000.011112,
1258587,2396429,99,0000122100,
1258588,2396429,100,31554,
1258977,2396847,99,0000121000,
1258978,2396847,100,34461,
1258979,2396847,101,5.7,
1259847,2397786,99,0000112110,
1259874,2397812,99,0000012100,
1259875,2397812,100,96516,
1260780,2398810,99,0000022100,
1260786,2398812,99,0000002311,
1266045,2404517,99,8....2....,
1266046,2404517,100,5,
1266435,2404958,99,0001111001,
1266436,2404958,100,10398,
1269324,2408056,99,0000001221,
1273698,2412346,99,0000000125,
1273821,2412582,99,0000001222,
1273822,2412582,100,342702,
1274319,2413074,99,0000000232,
1274320,2413074,100,473095,
1275672,2414534,99,0000023100,
1276197,2415158,99,0000013100,
1276980,2416035,99,0000122100,
1277178,2416227,99,0000001222,
1277179,2416227,100,107114,
1277180,2416227,101,8.4,
1277592,2416777,99,0000113100,
1278993,2418279,99,0000122100,
1279680,2418991,99,0000001212,
1279812,2419110,99,0000001321,
1279813,2419110,100,342665,
1280148,2419462,99,0000001222,
1280430,2419758,99,0000022101,
1281183,2420597,99,0000122100,
1281516,2421077,99,0000013100,
1282518,2422069,99,0001221000,
1282563,2422127,99,1000111001,
1282564,2422127,100,125284,
1285125,2424796,99,42.......4,
1285584,2425311,99,0000023100,
1286244,2426055,99,0000012200,
1286245,2426055,100,76919,
1287096,2426944,99,0000012101,
1287183,2427000,99,1001111000,
1287184,2427000,100,10379,
1287837,2427698,99,0000122000,
1287838,2427698,100,67683,
1288764,2428735,99,0000001321,
1290048,2430389,99,0000012210,
1290450,2430740,99,0000012211,
1290451,2430740,100,42510,
1290552,2430824,99,0000001221,
1294269,2434734,99,1011110000,
1294270,2434734,100,8113,
1295985,2436621,99,0000002311,
1297566,2438179,99,0000001112,
1300374,2441463,99,0000013200,
1300375,2441463,100,2376,
1300376,2441463,101,6.8,
1300377,2441468,99,0000012111,
1300378,2441468,100,5677,
1300773,2441738,99,0000001212,
1300774,2441738,100,65760,
1303137,2444326,99,0000012310,
1303701,2444831,99,2..1..1114,
1304484,2445637,99,0000001311,
1304485,2445637,100,228857,
1305423,2446794,99,0000001222,
1305447,2446807,99,0000013200,
1305774,2447258,99,0000012211,
1305783,2447265,99,0000012101,
1309587,2451567,99,0000012211,
1312872,2455256,99,0000001321,
1315482,2458067,99,0000023100,
1319223,2461807,99,0000001321,
1322496,2465453,99,0000022100,
1322497,2465453,100,74238,
1323912,2467164,99,0000121000,
1323913,2467164,100,46999,
1323927,2467169,99,1111100000,
1325502,2469793,99,4.....6...,
1325580,2469533,99,0000121100,
1326033,2470200,99,00..000303,
1327422,2471561,99,0000001222,
1328607,2472543,99,0011110000,
1328608,2472543,100,16045,
1328609,2472543,101,4.4,
1329612,2473365,99,0000122100,
1331763,2475690,99,0001111000,
1332012,2475934,99,0000002311,
1332882,2476867,99,0000112100,
1332883,2476867,100,30988,
1336047,2480605,99,00.0011202,
1338081,2483154,99,0000002311,
1338082,2483154,100,54450,
1340034,2485207,99,0000022100,
1340035,2485207,100,32852,
1342173,2485973,99,0000012101,
1342174,2485973,100,58258,
1342626,2486522,99,0000001311,
1342923,2486813,99,0000122100,
1343595,2487498,99,0000012100,
1343718,2487658,99,0000122100,
1344006,2487841,99,0000122100,
1344007,2487841,100,219143,
1344008,2487841,101,6.5,
1344852,2488771,99,0000111101,
1349736,2494505,99,1000001001,
1351680,2497146,99,0000012111,
1352484,2498195,99,0000012211,
1355133,2501106,99,0000122100,
1355134,2501106,100,66566,
1355135,2501106,101,6.5,
1356108,2502116,99,0000121000,
1356109,2502116,100,12907,
1359420,2505659,99,0000012211,
1359421,2505659,100,3089,
1361610,2507906,99,0000001212,
1361892,2508599,99,0000012200,
1362834,2509219,99,0000002211,
1362835,2509219,100,2875,
1362836,2509219,101,7.2,
1364394,2510866,99,0000001212,
1367130,2513382,99,.000212101,
1367799,2514146,99,0000013100,
1367800,2514146,100,48776,
1374069,2520373,99,0000002311,
1374070,2520373,100,172364,
1374120,2520417,99,.....24..4,
1374621,2520866,99,50000000.0,
1376025,2522052,99,0000001321,
1376026,2522052,100,44467,
