2673,8144,419,1,(2007) (Germany) (TV)
2674,8144,420,1,(2007) (USA) (TV)
5288,15711,6,1,
14483,54291,21,1,(2001) (Australia) (TV)
15433,55006,6,1,(original airing)
19841,79451,850,1,(????) (Canada) (TV)
23730,100296,451,1,(2009) (UK) (DVD) (complete series)
23731,100296,452,1,(2004-) (USA) (DVD)
30347,130250,19,1,(1948) (USA) (TV)
36534,154534,169,1,(2012) (USA) (TV)
68916,289569,93,1,(2012) (UK) (TV) (ITV1)
75699,307716,6,1,(1992-1993) (USA) (TV) (original airing)
85384,339655,164,1,(2007) (Hungary) (TV)
85801,341195,632,1,(2009) (Germany) (DVD)
85960,340123,656,1,(2011) (Germany) (TV)
86164,341223,3705,1,(1992-2004) (Germany) (TV)
86211,342024,494,1,(2011) (UK) (all media)
99390,442101,412,1,(1996-) (Netherlands) (TV)
110454,471328,892,1,(1946) (USA) (TV)
115254,490122,2223,1,(2005) (Australia) (TV)
117869,497814,19,1,(2006) (USA) (TV)
125304,525076,3039,1,(1986) (USA) (TV)
135730,565376,189,1,(2000) (UK) (TV)
137730,570846,892,1,
144903,590223,119,1,(1991) (Portugal) (TV)
147386,606911,114,1,(1981) (Japan) (TV)
163005,681363,240,1,(2008) (USA) (TV) (original airing)
167482,701746,1263,1,(1962-1965) (Finland) (TV)
167607,702221,728,1,(2009) (worldwide) (TV)
171804,720509,19,1,(1948) (USA) (TV)
175855,745624,375,1,(1991) (Italy) (TV)
179589,768434,19,1,(2004) (USA) (TV)
183417,781373,19,1,(1946-1947) (USA) (TV)
186996,795861,773,1,
204738,854467,6,1,(1954) (USA) (TV)
213147,882986,165,1,(1999) (USA) (DVD)
219024,904989,2876,1,(2012) (worldwide) (DVD)
219197,905719,352,1,(1991-1996) (USA) (TV)
219738,909001,3924,1,(2005) (USA) (TV)
225747,932402,144,1,(2011) (Hungary) (TV)
229305,952451,420,1,
233748,976883,27,1,(1987-1990)
237911,1000023,27,1,(1998-2000) (UK) (TV)
238417,1002325,6,1,(1967) (USA) (TV)
244314,1021985,19,1,(1966) (USA) (TV)
267057,1114405,3683,1,
270155,1128476,6,1,(1958) (USA) (TV) (original airing)
271059,1131934,695,1,(2005-) (UK) (TV)
274248,1146803,398,1,(2011) (Spain) (TV)
275174,1149104,671,1,(2009) (USA) (TV)
276271,1156053,265,1,(2013) (USA) (TV)
278382,1167233,453,1,(2008-) (Belgium) (TV)
278383,1167233,819,1,(2002) (Greece) (VHS)
280748,1175656,6,1,(1950) (USA) (TV)
286021,1193008,114,1,(2012) (Japan) (TV)
287164,1197283,27,1,(1990) (UK) (TV) (BBC 2)
288445,1199136,19,1,(1950-1951) (USA) (TV)
288711,1199941,2399,1,(1957) (USA) (TV)
290022,1205643,3195,1,(????) (USA) (TV)
290352,1207150,1181,1,(2010) (Canada) (TV)
290751,1208663,6,1,(1948-1958) (USA) (TV) (original airing)
290906,1208810,6,1,(1948) (USA) (TV) (original airing)
293951,1219279,704,1,(2011) (USA) (all media)
295020,1221651,6,1,(1950) (USA) (TV) (original airing)
295125,1221755,6,1,(1950) (USA) (TV) (original airing)
295126,1221756,6,1,(1949) (USA) (TV) (original airing)
298305,1239077,240,1,(1990) (USA) (TV)
299480,1242191,1872,1,(1997-2000) (Netherlands) (TV)
300905,1246686,166,1,(2009) (Philippines) (TV)
305680,1270617,892,1,(1950) (USA) (TV) (original airing)
306295,1271563,27,1,(1970) (UK) (TV)
310313,1279858,19,1,(1960) (USA) (TV) (original airing)
316775,1303942,626,1,(2009) (worldwide) (all media)
318490,1308096,59,1,(2006) (Netherlands) (DVD) (seasons 1 and 2)
327696,1334200,480,1,(2004) (USA) (DVD)
330715,1341586,160,1,(1977-1979) (USA) (TV) (original airing)
335439,1356901,19,1,(1949) (USA) (TV)
340383,1367480,27,1,(2014) (UK) (TV)
355388,1398861,19,1,(1949) (USA) (TV)
356576,1401602,165,1,(USA) (DVD)
358585,1408280,10236,1,(2012) (UK) (TV)
362629,1417866,10287,1,(2010-) (Argentina) (DVD)
369808,1439136,6,1,(1962) (USA) (TV)
370965,1443434,27,1,(2012) (UK) (TV)
380772,1477600,6,1,(1948) (USA) (TV) (original airing)
391355,1527104,1102,1,(1959-1991) (Germany) (TV)
394578,1535689,69,1,(1967) (Spain) (TV)
394897,1537082,264,1,(2002) (worldwide) (TV)
400802,1571155,6,1,(1958-1960) (USA) (TV) (original airing)
403339,1582958,160,1,(2004-) (USA) (TV)
409582,1609332,19,1,(1991-1992) (USA) (TV) (original airing)
410055,1610683,480,1,(2004) (USA) (DVD)
410616,1613833,11049,1,(2013) (India) (TV)
411411,1619986,1907,1,(2008) (Japan) (TV)
412355,1628496,69,1,(1966) (Spain) (TV)
414316,1634303,11624,1,(2003) (UK) (all media) (PlayStation 2) (as .hack//Infection)
414600,1634672,521,1,(198?) (Argentina) (VHS)
414601,1634672,521,1,(1999) (Argentina) (DVD)
415636,1635736,10287,1,(2010) (Argentina) (DVD)
416392,1636419,1709,1,(1972) (USA) (theatrical)
416393,1636419,1461,1,
416394,1636419,19,1,(1976) (USA) (TV) (original airing)
417816,1638084,12563,1,(1985) (worldwide) (VHS)
418893,1638977,819,1,(2009) (Greece) (theatrical)
419163,1639171,12813,1,(2008) (Russia) (theatrical)
421422,1641542,452,1,(2003) (USA) (DVD)
422229,1642428,11930,1,(2005) (Argentina) (theatrical)
424972,1645485,160,1,(1999) (USA) (TV) (original airing)
425564,1646065,521,1,(1985) (Argentina) (VHS)
427707,1648483,11770,1,(2006) (Germany) (DVD)
429097,1649993,12507,1,(2007) (Spain) (theatrical)
434720,1656343,15792,1,(2000) (Poland) (TV)
435007,1656633,521,1,(2007) (Argentina) (DVD)
435465,1657149,521,1,(1999) (Argentina) (VHS)
436736,1658520,3797,1,(2010) (Finland) (DVD)
437774,1659801,9329,1,(2000) (Australia) (DVD) (Special Edition)
442656,1664877,452,1,(2012) (USA) (DVD)
443782,1666408,225,1,(1978) (West Germany) (TV)
447426,1670487,3898,1,(2005) (France) (DVD)
447886,1670763,17541,1,
448933,1672120,12507,1,(Spain)
449999,1673708,9329,1,(2004) (Australia) (DVD)
450226,1674048,450,1,(Brazil) (DVD)
450802,1674438,160,1,(2011) (USA) (TV)
451149,1674655,11269,1,(worldwide)
451671,1675008,18941,1,(1993) (Canada) (theatrical)
451833,1675189,450,1,(2001) (Brazil) (DVD)
451834,1675189,452,1,(1996) (USA) (video) (laserdisc)
451835,1675189,4657,1,(????) (USA) (video) (laserdisc)
452494,1676031,737,1,(2002) (USA) (DVD)
454018,1677515,12877,1,
455138,1678792,16887,1,(2011) (Mexico) (theatrical)
457160,1681078,521,1,(2008) (Argentina) (DVD)
457677,1681360,2017,1,(2010) (Netherlands) (TV) (limited)
457709,1681388,2405,1,(2001) (Japan) (theatrical)
457710,1681388,521,1,(Argentina) (DVD)
459535,1683312,521,1,(2003) (Argentina) (DVD)
459565,1683315,20223,1,(199?) (Australia) (VHS)
459833,1683603,1710,1,(2010) (Netherlands) (theatrical)
459834,1683603,573,1,(2010) (Netherlands) (DVD)
461083,1685111,13334,1,(1996) (USA) (VHS)
461983,1686265,160,1,(2007) (USA) (TV) (original airing)
461984,1686265,521,1,(2005) (Argentina) (DVD)
462666,1687027,9014,1,(2008) (Denmark) (DVD)
463663,1688239,12893,1,(1952) (UK) (theatrical) (as Associated British - Pathe Limited)
464244,1688763,521,1,(2009) (Argentina) (DVD)
464811,1689514,3696,1,(2005) (Greece) (TV)
465518,1690275,3696,1,(2001) (Greece) (TV)
465519,1690275,2588,1,(2004) (USA) (DVD)
467487,1692593,12193,1,(2008) (Canada) (theatrical)
469890,1695295,11145,1,(USA)
470680,1696078,13062,1,(1953) (Austria) (theatrical)
471036,1696516,7669,1,(2011) (Greece) (theatrical)
471136,1696524,11930,1,(2007) (Argentina) (theatrical)
471137,1696524,3772,1,(2007) (Canada) (theatrical)
473038,1699368,27,1,(1950) (UK) (TV) (BBCtv)
473560,1699863,19967,1,(????) (Italy) (all media)
473878,1700103,12396,1,(2011) (worldwide) (all media)
476619,1703418,12978,1,(2009) (France) (all media)
477066,1703858,1368,1,(1967) (Belgium) (TV)
477390,1704289,12093,1,(2009) (Australia) (theatrical)
477391,1704289,12093,1,(2009) (New Zealand) (theatrical)
477392,1704289,10287,1,(2010) (Argentina) (DVD)
479873,1707420,12093,1,(2008) (Australia) (theatrical)
481664,1708971,573,1,(2006) (Netherlands) (DVD)
483654,1711584,143,1,(2012) (USA) (TV)
486584,1714856,17419,1,(2009) (worldwide) (all media)
486649,1714929,895,1,(1992) (Canada) (theatrical)
487230,1715497,521,1,(1990) (Argentina) (VHS)
487278,1715507,160,1,(2008) (USA) (TV) (broadcast premiere)
487279,1715507,521,1,(2005) (Argentina) (DVD) (special edition)
487380,1715533,521,1,(1992) (Argentina) (VHS)
487381,1715533,521,1,(2009) (Argentina) (DVD)
487525,1715613,15102,1,(2012) (Canada) (DVD)
488154,1716058,2017,1,(2013) (Netherlands) (TV) (limited)
489986,1717896,143,1,(2011) (USA) (TV)
489987,1717896,4617,1,(1993) (Brazil) (VHS)
490162,1718090,521,1,(1998) (Argentina) (VHS)
490163,1718090,521,1,(1999) (Argentina) (DVD)
490479,1718432,452,1,(2003) (USA) (DVD)
490878,1718813,521,1,(199?) (Argentina) (VHS)
493492,1721174,27,1,(UK) (TV)
496697,1724828,25037,1,(2011) (Australia) (DVD)
497773,1726623,12996,1,(2010) (worldwide) (DVD)
498466,1727373,8850,1,(2004) (Czech Republic) (theatrical)
499265,1728122,11775,1,(2003) (Brazil) (DVD)
501911,1731197,1710,1,(2011) (Netherlands) (theatrical)
501912,1731197,573,1,(2011) (Netherlands) (DVD)
502514,1731928,9329,1,(2007) (Australia) (DVD)
503153,1732474,25674,1,(????) (USA) (all media)
503246,1732570,27,1,(UK) (TV)
504533,1733635,1820,1,(1999) (Canada) (DVD)
504587,1733658,521,1,(1993) (Argentina) (VHS)
504588,1733658,521,1,(1998) (Argentina) (DVD)
504589,1733658,521,1,(2006) (Argentina) (DVD) (Director's Cut)
509022,1737228,8693,1,(2011) (Canada) (theatrical)
510899,1738987,13383,1,(2005) (worldwide) (video)
511867,1740040,14325,1,(2011) (USA) (DVD)
512148,1740357,819,1,(1986) (Greece) (VHS)
512149,1740357,6,1,(1973) (USA) (TV)
512714,1740830,424,1,(2013) (USA) (TV)
514541,1742431,13600,1,(Brazil) (VHS)
516397,1744332,450,1,(Brazil) (DVD)
518707,1746336,1393,1,(2004) (Finland) (DVD) (VHS)
519115,1746787,27,1,(UK) (TV)
519340,1746975,1710,1,(2006) (Netherlands) (theatrical)
520717,1748199,27,1,(1998) (UK) (TV)
522776,1750376,1972,1,(2003) (Russia) (theatrical)
524455,1752125,27,1,(1947) (UK) (TV)
524517,1752206,1177,1,(2002) (UK) (VHS)
524518,1752206,521,1,(Argentina) (VHS)
526972,1754702,18579,1,(2005) (Japan) (theatrical)
527266,1754950,11328,1,(1997) (Australia) (theatrical)
527955,1755639,1822,1,(2004) (USA) (DVD)
527956,1755639,11775,1,(2004) (Brazil) (DVD) (VHS)
528221,1755884,2405,1,(2002) (Japan) (DVD)
530510,1758479,28341,1,(2002) (Italy) (DVD)
531331,1759204,521,1,(2011) (Argentina) (DVD)
534346,1761898,521,1,(2000) (Argentina) (DVD)
534775,1762242,521,1,(2009) (Argentina) (DVD) (Blu-ray)
534874,1762263,18543,1,(2006) (Bulgaria) (theatrical)
534875,1762263,160,1,(2010) (USA) (TV)
535517,1762930,2296,1,(Brazil) (VHS)
537701,1765136,14695,1,(????) (USA) (VHS)
539596,1767509,11302,1,(1993) (France) (theatrical)
539597,1767509,29319,1,(1993) (USA) (VHS) (For Live Home Video)
543161,1771247,29676,1,(2010) (UK) (theatrical)
543967,1771985,425,1,(USA) (DVD)
547375,1775793,1570,1,(2010) (Russia) (all media)
547628,1776142,143,1,(2012) (USA) (TV)
548678,1777307,29330,1,(2012) (Japan) (DVD)
548679,1777307,15915,1,(1941) (Netherlands) (theatrical)
550532,1779018,451,1,
550650,1779121,13672,1,(1983) (worldwide) (all media)
551037,1779499,160,1,(1981) (USA) (TV) (broadcast premiere)
551171,1779659,12122,1,(2004) (Switzerland) (theatrical)
551745,1780248,16449,1,(1991) (USA) (all media)
552373,1781032,12193,1,(2010) (Canada) (DVD)
552505,1781140,450,1,(2005) (Brazil) (DVD)
553181,1781879,895,1,(2003) (Canada) (theatrical)
554232,1782969,1709,1,(1957) (USA) (theatrical)
555232,1783923,751,1,(1995) (UK) (TV)
556579,1785550,69,1,(2002) (Spain) (TV)
557774,1786877,423,1,(2001) (Japan) (DVD)
558054,1787141,521,1,(2005) (Argentina) (DVD)
558233,1787336,11411,1,(2011) (Sweden) (theatrical)
558234,1787336,17798,1,(2011) (Lithuania) (theatrical)
561051,1790260,11209,1,(????) (USA) (VHS) (XXX double feature #59)
562783,1791852,11930,1,(2005) (Argentina) (theatrical)
562784,1791852,8850,1,(2005) (Czech Republic) (theatrical)
568530,1797601,12830,1,(2010) (Canada) (all media)
572367,1801829,3598,1,(2000) (Denmark) (theatrical)
572368,1801829,521,1,(2001) (Argentina) (DVD)
573959,1803352,32432,1,(2013) (USA) (all media)
575811,1804923,292,1,
576604,1806210,13017,1,(1953) (Germany) (theatrical)
577044,1806900,225,1,(1967) (West Germany) (TV)
578644,1808226,521,1,(2004) (Argentina) (DVD)
578972,1808499,14629,1,(2010) (UK) (DVD)
579036,1808588,21,1,(2010) (Australia) (TV)
579214,1808720,11472,1,(1983) (Japan) (theatrical) (subtitled)
581533,1811383,425,1,(1998) (USA) (DVD)
581534,1811383,3696,1,(2005) (Greece) (DVD)
582108,1811612,21081,1,(2008) (USA) (all media)
582764,1812106,8693,1,(2009) (Canada) (DVD)
585068,1813965,17621,1,
585298,1814226,33503,1,(1972) (USA) (theatrical)
586105,1815183,20490,1,(2011) (USA) (all media)
586724,1815836,521,1,(199?) (Argentina) (VHS)
587729,1817137,11930,1,(2004) (Argentina) (theatrical)
589324,1819861,13456,1,(1986) (Canada) (theatrical)
589325,1819861,12978,1,(1986) (France) (theatrical)
593406,1823975,18680,1,(1954) (Austria) (theatrical)
593561,1824178,895,1,
593855,1824485,34278,1,
594904,1825976,13062,1,(1955) (Austria) (theatrical)
594905,1825976,11328,1,(1997) (Australia) (theatrical)
595049,1826110,18979,1,
595415,1826442,1710,1,(2004) (Netherlands) (theatrical)
597520,1828848,452,1,(1998) (USA) (video) (laserdisc)
602324,1834312,521,1,(2002) (Argentina) (DVD)
602325,1834312,521,1,(2002) (Argentina) (VHS) (re-release)
602414,1834382,11185,1,(2012) (worldwide) (DVD)
602837,1834773,721,1,(????) (Italy) (TV)
605231,1837765,4464,1,(2005) (Spain) (DVD)
607061,1839794,12634,1,(2006) (UK) (DVD)
608294,1840900,452,1,(2002) (USA) (DVD)
608594,1841098,425,1,(2012) (USA) (DVD)
608595,1841098,425,1,(2012) (USA) (DVD) (Blu-ray)
608610,1841105,7771,1,(1976) (USA) (theatrical)
608611,1841105,9353,1,(1974) (Canada) (theatrical)
611114,1843836,12094,1,(2001) (Germany) (theatrical)
611188,1843951,1318,1,(2012) (Hungary) (TV)
611861,1844334,425,1,(19??) (USA) (VHS)
611862,1844334,24995,1,(1963) (USA) (theatrical) (a Seven Arts Reissue) (re-release)
613199,1845432,15346,1,(2003) (Ukraine) (theatrical)
613200,1845432,11684,1,(2003) (Switzerland) (theatrical)
615408,1847711,9014,1,(2007) (Denmark) (DVD)
615638,1848002,13146,1,(????) (Czech Republic) (theatrical)
616279,1848747,11302,1,(1995) (France) (theatrical)
616494,1848923,12208,1,(2003) (Korea) (DVD)
618892,1851748,36315,1,(2012-) (worldwide) (theatrical)
619550,1852271,17798,1,(2010) (Lithuania) (theatrical)
622082,1855876,7771,1,(1975) (USA) (theatrical) (English-track)
624989,1860493,521,1,(2007) (Argentina) (DVD)
625416,1861431,11930,1,(Argentina)
627418,1864888,37137,1,
627453,1864938,11413,1,(1999) (Argentina) (theatrical)
627454,1864938,521,1,(2008) (Argentina) (DVD)
627455,1864938,7589,1,(Australia) (VHS)
631888,1870450,6,1,(2012) (USA) (TV)
633631,1872795,13670,1,(1991) (Japan) (all media)
634261,1873345,24113,1,(????) (worldwide) (all media)
635057,1874670,1710,1,(2004) (Netherlands) (theatrical)
635925,1875744,521,1,(2007) (Argentina) (DVD)
635926,1875744,6,1,(2010) (USA) (TV)
636993,1876847,450,1,(????) (Brazil) (DVD)
637830,1877619,11950,1,(2000) (Japan) (all media)
639082,1879079,5197,1,(2012) (USA) (DVD)
639573,1879562,521,1,(2001) (Argentina) (DVD)
640126,1880115,25222,1,(2006) (UK) (DVD)
641086,1881010,5389,1,(2004) (Canada) (theatrical)
642382,1882274,125,1,(2012) (USA) (TV) (cable)
643470,1883352,12093,1,(2009) (New Zealand) (theatrical)
643999,1883887,450,1,(Brazil) (DVD)
645740,1885554,11663,1,(worldwide)
646253,1886025,521,1,(2007) (Argentina) (DVD)
648833,1889101,451,1,(2000) (UK) (DVD)
650016,1890398,895,1,(2000) (Canada) (theatrical)
650045,1890399,1820,1,(2003) (Canada) (DVD)
650186,1890444,13273,1,(2001) (Russia) (theatrical)
650299,1890563,39009,1,(2003) (France) (all media)
650393,1890702,39023,1,(2012) (worldwide) (all media)
651014,1891428,39077,1,
651979,1892213,20607,1,(????) (UK) (all media)
653685,1893933,521,1,(2009) (Argentina) (DVD)
653745,1893991,521,1,(19??) (Argentina) (VHS)
658316,1898508,3894,1,(1996) (Japan) (video) (laser disc)
658581,1898811,2317,1,(2011) (worldwide) (all media)
658998,1899349,846,1,(2009) (USA) (all media)
660745,1901341,19145,1,(1994) (UK) (theatrical)
661861,1902253,4521,1,(199?) (Canada) (theatrical)
662381,1902762,3397,1,(1997) (Canada) (DVD)
663285,1903720,521,1,(19??) (Argentina) (VHS)
663628,1904036,12737,1,(2011) (Portugal) (theatrical)
663970,1904265,8512,1,(1994) (USA) (VHS)
664606,1904811,9329,1,(2000) (Australia) (DVD) (Special Edition)
664607,1904811,450,1,(Brazil) (DVD)
669017,1909339,521,1,(2009) (Argentina) (DVD)
669635,1909928,846,1,(2013) (USA) (theatrical)
670392,1910700,21594,1,(2011) (Germany) (DVD)
670980,1911420,1920,1,(2004) (Canada) (DVD)
671601,1912052,819,1,(1989) (Greece) (VHS)
672963,1913821,680,1,(2011) (USA) (TV)
673495,1914441,2267,1,(2010) (Finland) (TV)
674582,1915489,521,1,(2008) (Argentina) (DVD)
675670,1916633,521,1,(2009) (Argentina) (DVD)
678962,1919568,12208,1,(????) (Korea) (DVD)
680509,1921146,11588,1,(1936) (USA) (subtitled)
681401,1922123,4357,1,(????) (Brazil) (VHS)
681483,1922177,9674,1,(1998) (UK) (theatrical)
681484,1922177,15181,1,(1998) (Finland) (theatrical)
682045,1922712,2031,1,(2006) (Sweden) (DVD)
682046,1922712,1695,1,(2005) (UK) (all media)
682047,1922712,3466,1,(2006) (USA) (DVD)
682813,1923289,452,1,(2007) (USA) (DVD) (Ultimate Edition)
682897,1923317,9329,1,(2000) (Australia) (DVD) (Special Edition)
682898,1923317,450,1,(2002) (Brazil) (DVD) (Special Edition)
683080,1923455,623,1,(1990) (USA) (all media)
683252,1923676,11200,1,(2008) (Italy) (theatrical)
683495,1923855,11328,1,(1997) (Australia) (theatrical)
684129,1924419,4617,1,(Brazil) (VHS)
684202,1924463,27463,1,(2004) (non-USA) (all media) (sales)
686088,1926418,3821,1,(video)
686194,1926514,450,1,(Brazil) (DVD)
687878,1928202,521,1,(2010) (Argentina) (DVD)
687879,1928202,12194,1,(2010) (Netherlands) (theatrical)
688227,1928596,160,1,(1988) (USA) (TV)
688469,1928826,3772,1,(2007) (Canada) (theatrical)
688816,1929179,160,1,(1995) (USA) (TV)
693946,1934756,425,1,(1997) (USA) (DVD)
694038,1934762,4154,1,(2010) (UK) (DVD)
694331,1934956,27921,1,(2002) (Germany) (VHS)
694749,1935457,41974,1,(1978) (USA) (all media) (TRS-80 version)
696245,1937076,425,1,(2009) (USA) (DVD)
698488,1938944,1260,1,(2002) (Japan) (DVD)
698313,1938935,18543,1,(2005) (Bulgaria) (theatrical)
698352,1938937,11810,1,(2009) (Malaysia) (theatrical)
700026,1940569,41775,1,(1939) (USA) (TV)
700125,1940760,1710,1,(2012) (Netherlands) (theatrical)
701531,1942223,15722,1,(Germany)
702184,1942707,237,1,
702185,1942707,16204,1,(1997) (Australia) (theatrical)
702263,1942750,1820,1,(2002) (Canada) (DVD)
702264,1942750,521,1,(1996) (Argentina) (VHS)
703947,1944281,521,1,(2009) (Argentina) (DVD)
706508,1946759,7669,1,(2011) (Greece) (DVD) (blu-ray)
707100,1947460,419,1,(2011) (Germany) (TV)
707995,1948663,27,1,(2008) (UK) (TV) (BBC2)
713677,1954155,11775,1,(2004) (Brazil) (all media)
718184,1958470,11950,1,(2002) (Japan) (all media)
719587,1959835,10455,1,(2005) (Switzerland) (theatrical)
719771,1959944,6248,1,
719932,1960111,573,1,(2002) (Netherlands) (DVD) (rental)
723754,1963958,2978,1,(2009) (Germany) (DVD)
724508,1964634,12127,1,(1998) (Argentina) (theatrical)
724804,1964971,73,1,
725408,1965712,11930,1,(2011) (Argentina) (theatrical)
725809,1966327,7634,1,(2011) (Greece) (theatrical)
726749,1967877,1020,1,(2007) (Japan) (TV)
727254,1968457,17909,1,(1988) (Greece) (video)
727699,1969435,1020,1,(2007) (Japan) (TV)
727700,1969435,1709,1,(1998) (USA) (theatrical)
728132,1969964,3306,1,(2003) (USA) (DVD)
729722,1970343,521,1,(2005) (Argentina) (DVD)
733125,1973893,6416,1,(1996) (France) (VHS)
733085,1973893,423,1,(2000-2005) (Japan) (DVD)
734254,1974811,12780,1,(2004) (Netherlands) (theatrical) (re-release)
736131,1976481,15712,1,(1916) (Italy) (theatrical)
740971,1981631,2609,1,(2003) (Argentina) (DVD)
740972,1981631,1684,1,(1997) (USA) (video) (laserdisc)
741704,1982722,12737,1,(2010) (Portugal) (theatrical)
742349,1983430,521,1,(2008) (Argentina) (DVD)
742350,1983430,2215,1,(2008) (Finland) (theatrical)
742380,1983431,521,1,(1990) (Argentina) (VHS)
742430,1983440,13094,1,(1985) (worldwide) (all media)
743119,1984382,8693,1,(2009) (Canada) (theatrical)
743264,1984547,8047,1,(2008) (Japan) (all media)
743486,1984782,30534,1,(2006) (USA) (theatrical)
745066,1986475,258,1,(2002) (USA) (DVD)
745834,1987509,1710,1,(2007) (Belgium) (theatrical)
745835,1987509,1710,1,(2007) (Luxembourg) (theatrical)
746411,1988107,480,1,(2004) (USA) (DVD)
746412,1988107,45052,1,(1916) (UK) (theatrical)
747400,1988953,12466,1,(2010) (France) (theatrical)
748027,1989593,17206,1,(2008) (USA) (all media)
751149,1993455,44685,1,(Sweden) (video)
754002,1996405,5977,1,(2005) (Germany) (theatrical)
754612,1997177,160,1,(1979) (USA) (TV)
755482,1998206,3043,1,(2004) (Italy) (theatrical)
757697,2000816,2296,1,(199?) (Brazil) (VHS)
758757,2001806,13600,1,(????) (Brazil) (VHS)
758788,2001833,11137,1,(1915) (USA) (theatrical)
760513,2003421,27631,1,(1993) (Germany) (all media)
760605,2003546,680,1,(1995) (USA) (TV)
761072,2004044,450,1,(2004) (Brazil) (DVD)
762297,2005213,25618,1,(1996) (USA) (video)
762310,2005230,521,1,(1994) (Argentina) (VHS)
763693,2006646,11253,1,(1948) (Venezuela) (theatrical)
764100,2006991,521,1,(1994) (Argentina) (VHS)
766933,2010754,450,1,(2001) (Brazil) (DVD)
770999,2016796,1368,1,(1967) (Belgium) (TV)
771771,2018117,46742,1,(2011) (worldwide) (all media)
771773,2018121,1710,1,(2010) (Netherlands) (theatrical)
771774,2018121,573,1,(2010) (Netherlands) (DVD)
772798,2019010,895,1,(2003) (Canada) (theatrical)
774370,2020202,16285,1,(2011) (UK) (all media) (Xbox 360) (available in Kinect Fun Labs only)
774567,2020394,11360,1,(1934) (Finland) (theatrical)
774568,2020394,160,1,(1957) (USA) (TV)
777760,2023317,160,1,(2011) (USA) (TV)
777906,2023465,11930,1,(2009) (Argentina) (all media)
780027,2026554,11207,1,(1982) (Czechoslovakia) (theatrical)
780044,2026604,160,1,(1982) (USA) (TV)
782895,2030470,11820,1,(1988) (UK) (all media)
782896,2030470,24180,1,(1988) (worldwide) (all media)
785775,2033473,411,1,(2011) (France) (TV)
787434,2035127,8972,1,(France)
787599,2035309,47608,1,(1994) (France) (VHS)
789124,2036253,2972,1,(2011) (Germany) (DVD)
799057,2047939,1710,1,(2001) (Netherlands) (theatrical)
799058,2047939,573,1,(2002) (Netherlands) (DVD) (VHS)
801189,2050469,27,1,(UK) (TV)
806458,2056216,21429,1,(2004) (Brazil) (DVD)
806605,2056259,160,1,(1973) (USA) (TV) (pan/scan)
808946,2058467,452,1,(2004) (USA) (DVD)
808947,2058467,3043,1,(2003) (Italy) (theatrical)
809230,2058736,3571,1,(2001) (Japan) (theatrical)
809231,2058736,3571,1,(2002) (Japan) (DVD)
811155,2060687,11200,1,
811518,2061024,1710,1,(2002) (Netherlands) (theatrical)
812621,2062101,1710,1,(2007) (Netherlands) (theatrical)
813191,2062696,19209,1,(2006) (Belgium) (theatrical)
819905,2069519,573,1,(2004) (Netherlands) (DVD) (VHS)
821524,2071251,521,1,(1998) (Argentina) (DVD)
821638,2071313,23208,1,(2011) (USA) (DVD)
822721,2072632,9329,1,(2000) (Australia) (DVD) (Special Edition)
823881,2073984,11408,1,(2012) (Netherlands) (theatrical) (through Warner Bros.)
825217,2075635,11143,1,(2008) (Netherlands) (TV)
825741,2076328,13550,1,(1999) (USA) (DVD)
826602,2077199,11647,1,(1985) (worldwide) (all media)
828386,2078909,49,1,(2012) (USA) (TV)
829213,2079865,12341,1,(1994) (Colombia) (theatrical)
829688,2080366,819,1,(1985) (Greece) (VHS)
830478,2081038,5977,1,(2007) (Austria) (theatrical)
831656,2082277,24011,1,(2004) (Bulgaria) (DVD)
831652,2082277,15346,1,(200?) (Ukraine) (theatrical)
833921,2085021,1710,1,(2004) (Netherlands) (theatrical)
834659,2085959,521,1,(2004) (Argentina) (DVD)
837491,2089185,50630,1,(????) (USA) (all media)
838480,2090292,12858,1,(1975) (USA) (all media)
838964,2090865,11661,1,(Netherlands) (video)
839395,2091575,521,1,(2010) (Argentina) (DVD)
839732,2091959,11203,1,(1910) (France) (theatrical)
840651,2092282,11930,1,(2005) (Argentina) (all media)
840652,2092282,12870,1,(2004) (Portugal) (theatrical)
844382,2096125,107,1,(2011) (Japan) (TV)
847829,2100001,11385,1,(1903) (USA) (theatrical)
850487,2103098,12285,1,(2004) (France) (theatrical)
850488,2103098,11930,1,(2004) (Argentina) (theatrical)
852076,2104679,51484,1,(????) (USA) (all media)
852542,2105124,160,1,(1962) (USA) (TV) (original airing)
852696,2105329,11647,1,(2006) (USA) (all media)
853557,2106252,1376,1,(1980) (USA) (VHS)
856042,2109160,12320,1,(2000) (USA) (VHS)
857581,2110757,160,1,(2004) (USA) (TV)
859563,2113016,51940,1,(1997) (South Africa) (theatrical)
861590,2115325,77,1,(Japan) (DVD)
861693,2115409,2031,1,(2009) (Sweden) (DVD)
861694,2115409,8611,1,(1992) (USA) (VHS) (1984 version)
862632,2116740,11930,1,(2007) (Argentina) (theatrical)
864807,2118753,120,1,(2012) (USA) (TV) (cable)
864960,2119236,1710,1,(2009) (Belgium) (theatrical)
864961,2119236,1710,1,(2009) (Netherlands) (theatrical)
866554,2120909,11200,1,(2009) (Italy) (theatrical)
868297,2122822,160,1,(1998) (USA) (TV)
868430,2122832,8850,1,(2006) (Czech Republic) (theatrical)
871113,2126344,419,1,
872628,2127667,521,1,(2009) (Argentina) (DVD)
872629,2127667,521,1,(2009) (Argentina) (DVD) (Blu-ray)
872784,2127768,13631,1,(1955) (USA) (TV) (black and white)
873167,2128153,1710,1,(2009) (Belgium) (theatrical)
874836,2129826,895,1,(2002) (Canada) (theatrical)
879101,2134604,11200,1,(2001) (Italy) (theatrical)
879454,2134996,521,1,(2006) (Argentina) (DVD)
879455,2134996,521,1,(2006) (Argentina) (VHS)
881956,2137424,2215,1,(2003) (Finland) (DVD)
882750,2138082,11802,1,(1982) (USA) (theatrical)
885631,2141209,23561,1,(2011) (Bangladesh) (all media)
885632,2141209,23561,1,(2011) (India) (all media)
886493,2162279,13671,1,(????) (West Germany) (all media)
887603,2143909,6800,1,(2006) (Australia) (DVD)
887621,2143919,13114,1,(2011) (USA) (DVD)
888248,2144810,573,1,(2011) (Netherlands) (DVD)
894407,2152299,521,1,(2005) (Argentina) (DVD)
895336,2153524,2972,1,(2004) (Germany) (DVD)
895337,2153524,5441,1,(2004) (Germany) (DVD)
895338,2153524,426,1,(1999) (Netherlands) (VHS)
896051,2153717,15335,1,(2001) (non-USA) (all media)
896251,2153790,452,1,(2004) (USA) (DVD)
896252,2153790,14394,1,(????) (USA) (video) (laserdisc)
896596,2154234,10643,1,(1981) (USA) (theatrical)
898487,2156258,4100,1,(2007) (Canada) (TV)
899329,2157430,11684,1,(2007) (Switzerland) (theatrical)
906977,2167215,1502,1,(2012) (worldwide) (all media)
907818,2168231,11810,1,(2007) (Malaysia) (theatrical)
907852,2168232,521,1,(2005) (Argentina) (DVD)
910017,2170880,17789,1,(1983) (USA) (all media)
910379,2171316,12507,1,(1977-1988) (Spain)
911000,2171937,4357,1,(199?) (Brazil) (VHS)
913922,2175100,8693,1,(2011) (Canada) (theatrical)
914096,2175268,3696,1,(2005) (Greece) (TV)
920768,2183050,521,1,(19??) (Argentina) (VHS)
921493,2183775,17340,1,(2011) (worldwide) (all media)
923054,2185351,73,1,(2011) (Denmark) (TV)
929999,2193755,160,1,(1968) (USA) (TV)
930996,2194978,521,1,(1999) (Argentina) (DVD)
930997,2194978,521,1,(1999) (Argentina) (VHS)
931387,2195461,160,1,(2004) (USA) (TV) (broadcast premiere)
931388,2195461,12942,1,(2001) (Federal Republic of Yugoslavia) (theatrical)
931733,2195836,34987,1,
932078,2196263,1710,1,(2005) (Belgium) (theatrical)
933170,2197518,452,1,(2007) (USA) (DVD)
933923,2198282,1923,1,(1990) (Finland) (VHS)
934214,2198693,1710,1,(2008) (Netherlands) (theatrical)
935039,2199691,12122,1,(2004) (Switzerland) (theatrical)
935328,2200043,35694,1,(1975) (USA) (theatrical) (subtitled)
938019,2203191,56457,1,(2005) (Dominican Republic) (all media)
938020,2203191,23927,1,(2013) (Australia) (DVD)
940733,2205892,452,1,(2007) (USA) (DVD) (Non-USA)
946108,2212432,521,1,(2006) (Argentina) (DVD)
948055,2215081,452,1,(1998) (USA) (DVD)
948579,2215744,64,1,(2006) (Spain) (TV)
949549,2216861,8693,1,(2008) (Canada) (theatrical)
952225,2219990,11460,1,(1977) (Canada) (theatrical) (edited US version) (dubbed)
952741,2220541,12093,1,(2012) (Australia) (theatrical)
954044,2222257,2017,1,(2010) (Netherlands) (TV) (limited)
954420,2222831,1820,1,(2002) (Canada) (DVD)
954568,2222934,4066,1,(2000s) (Canada) (DVD)
954803,2223191,11258,1,(2009) (Philippines) (theatrical)
955669,2224221,2017,1,(2012) (Netherlands) (TV) (limited)
957325,2226756,451,1,(2009) (UK) (DVD)
958671,2228068,1709,1,
962133,2231672,9329,1,(2009) (Australia) (DVD)
966630,2236392,2962,1,(2010) (non-USA) (all media) (Middle East)
969244,2239598,521,1,(2010) (Argentina) (DVD)
969722,2240149,10455,1,(2008) (Switzerland) (theatrical)
970075,2240439,10321,1,(2003) (Netherlands) (theatrical)
975315,2245132,16887,1,(2011) (Mexico) (theatrical) (as Twentieth Century Fox Film de Mexico S.A.)
975316,2245132,4464,1,(2011) (Spain) (DVD)
975317,2245132,10287,1,(2011) (Argentina) (DVD)
975738,2245576,12092,1,(1977) (Bulgaria) (all media)
976178,2246003,18261,1,(1977) (worldwide) (all media)
977318,2246891,11302,1,(1991) (France) (theatrical)
982521,2251611,12470,1,(????) (USA) (all media)
983462,2252737,1710,1,(2008) (Belgium) (all media)
984383,2253591,450,1,(2004) (Brazil) (DVD)
986967,2256356,521,1,(Argentina) (VHS)
987496,2257027,12780,1,(2005) (Netherlands) (theatrical)
987497,2257027,1461,1,(USA) (VHS)
989081,2258834,13270,1,(2010) (Lithuania) (theatrical)
989082,2258834,22943,1,(2010) (Israel) (theatrical)
989465,2259173,3797,1,(2009) (Finland) (DVD) (5-disc Pier Paolo Pasolini Collection)
989466,2259173,2031,1,(2005) (Sweden) (DVD)
993731,2264273,1709,1,(2001) (USA) (theatrical)
994626,2265042,819,1,(1986) (Greece) (VHS)
994769,2265125,160,1,(1987) (USA) (TV)
997583,2267780,12193,1,(199?) (Canada) (theatrical)
997584,2267780,6963,1,(1997) (Japan) (theatrical)
997631,2267787,895,1,(2000) (Canada) (theatrical)
1000068,2270075,160,1,(2011) (USA) (TV)
1001250,2271182,1820,1,(2005) (Canada) (DVD)
1002890,2273429,25811,1,(2006) (UK) (all media)
1004304,2275057,18455,1,(2006) (USA) (DVD)
1004853,2275480,11662,1,(worldwide) (video)
1004857,2275484,11662,1,(worldwide) (video)
1005731,2275891,12579,1,(2011) (worldwide) (DVD)
1006266,2276940,16985,1,(????) (Hungary) (VHS)
1007120,2278144,13383,1,
1009451,2280053,1820,1,(2004) (Canada) (DVD)
1010967,2281624,11810,1,(2009) (Malaysia) (theatrical)
1011452,2282016,7771,1,(1982) (USA) (theatrical) (re-release)
1012500,2283001,12472,1,(2002) (Germany) (theatrical)
1013312,2283904,8850,1,(2007) (Czech Republic) (theatrical)
1015005,2285619,40379,1,(2010) (Estonia) (theatrical)
1017631,2288577,18202,1,(2013) (worldwide) (DVD) (also Blu-ray)
1017769,2288700,15722,1,(2000) (Germany) (theatrical)
1017941,2288969,27,1,(2008) (UK) (TV) (BBC2)
1019864,2291065,1540,1,(2007) (worldwide) (TV)
1021560,2292893,895,1,(non-USA)
1022191,2293498,450,1,(200?) (Brazil) (DVD)
1022208,2293516,4617,1,(Brazil) (VHS)
1022700,2293916,11302,1,
1022701,2293916,895,1,
1023310,2294518,452,1,(2009) (Canada) (DVD)
1023311,2294518,452,1,(2009) (Canada) (DVD) (Blu-ray)
1023312,2294518,452,1,(2009) (USA) (DVD)
1023583,2294839,160,1,(2002) (USA) (TV) (broadcast premiere)
1023584,2294839,521,1,(Argentina) (video)
1025012,2296265,160,1,(1995) (USA) (TV) (broadcast premiere)
1025519,2296721,143,1,(2010) (USA) (TV) (first telecast)
1027270,2298731,521,1,(1999) (Argentina) (VHS)
1027271,2298731,819,1,(1999) (Greece) (VHS)
1028122,2299747,450,1,(????) (Brazil) (DVD)
1028782,2300343,521,1,(2004) (Argentina) (DVD)
1028783,2300343,521,1,(2004) (Argentina) (VHS)
1028911,2300510,12961,1,(2011) (Netherlands) (theatrical)
1030200,2301601,253,1,(1995) (Germany) (TV)
1030215,2301620,39364,1,(1968) (USA) (all media)
1030894,2302414,1710,1,(2006) (Netherlands) (theatrical)
1032801,2304225,61231,1,(????) (worldwide) (all media)
1034557,2305993,160,1,(2011) (USA) (TV)
1035310,2306811,13271,1,(2010) (Latvia) (all media)
1035428,2306854,25440,1,(2002) (Netherlands) (theatrical)
1035617,2307081,13549,1,(2008) (worldwide) (all media)
1036535,2308063,7302,1,(2007) (Italy) (TV)
1038230,2309801,160,1,(1988) (USA) (TV)
1038874,2310419,521,1,(1992) (Argentina) (VHS)
1038988,2310459,11647,1,
1039117,2310522,6894,1,(1997-) (USA) (TV)
1039255,2310576,450,1,(2005) (Brazil) (DVD)
1039256,2310576,450,1,(2005) (Brazil) (VHS)
1039283,2310581,423,1,(2006) (Japan) (DVD)
1039284,2310581,451,1,(2004) (UK) (DVD)
1039323,2310582,4464,1,(2004) (Spain) (DVD)
1039386,2310622,521,1,(2008) (Argentina) (DVD)
1040103,2311159,4617,1,(199?) (Brazil) (VHS)
1043359,2314470,686,1,(2008) (USA) (DVD)
1045285,2316270,28649,1,(Germany) (video)
1048150,2319254,17798,1,(2011) (Lithuania) (theatrical)
1048984,2320190,9071,1,(2013) (Italy) (DVD) (Blu-ray)
1049046,2320234,19491,1,(2000) (Japan) (DVD)
1049657,2320999,27,1,(1939) (UK) (TV)
1050937,2322233,13670,1,(1988) (worldwide) (all media)
1051750,2322807,521,1,(2006) (Argentina) (DVD)
1051751,2322807,521,1,(2006) (Argentina) (VHS)
1055233,2326576,11930,1,(2004) (Argentina) (theatrical)
1055234,2326576,1712,1,(2003) (Italy) (theatrical)
1055481,2326732,522,1,(2010) (Netherlands) (TV)
1055880,2327039,6,1,(2004) (USA) (TV) (broadcast premiere)
1055881,2327039,2017,1,(2011) (Netherlands) (TV) (limited)
1056386,2327587,27772,1,
1056698,2328120,12285,1,(France)
1061075,2332725,16,1,(2005) (USA) (TV)
1062561,2334325,30009,1,(2007) (worldwide) (all media)
1063512,2335507,62670,1,(2007) (Spain) (video)
1063897,2335985,26990,1,(2010) (worldwide) (all media)
1064105,2336140,20833,1,(197?) (worldwide) (video)
1064464,2336350,258,1,(2007) (USA) (VHS)
1066320,2338369,13862,1,(????) (UK) (VHS)
1066948,2339030,160,1,(1994) (USA) (TV) (broadcast premiere)
1067019,2339034,12122,1,(2003) (Switzerland) (theatrical)
1067020,2339034,13273,1,(2003) (Russia) (theatrical)
1067823,2339687,573,1,(2003) (Netherlands) (DVD)
1067824,2339687,521,1,(199?) (Argentina) (VHS)
1068438,2340262,11916,1,
1068439,2340262,11778,1,(Argentina)
1068735,2340644,12093,1,(2006) (Australia) (theatrical)
1069420,2341253,1709,1,(2012) (USA) (theatrical)
1069912,2341714,160,1,(1989) (USA) (TV)
1071106,2342859,452,1,(2010) (USA) (DVD)
1071288,2342956,1994,1,(2012) (Canada) (TV)
1075790,2346436,2603,1,(2013) (USA) (TV)
1075791,2346436,1121,1,(2014) (USA) (TV) (cable)
1078529,2348556,12122,1,(2006) (Switzerland) (theatrical)
1079829,2349607,10455,1,(1998) (Switzerland) (theatrical)
1080603,2350102,28347,1,(2006) (Italy) (DVD)
1083159,2351859,5132,1,
1083169,2351862,521,1,(2009) (Argentina) (DVD) (Blu-ray)
1083200,2351864,521,1,(2013) (Argentina) (DVD)
1083225,2351867,521,1,(2005) (Argentina) (DVD)
1083226,2351867,521,1,(2005) (Argentina) (VHS)
1084979,2353159,8693,1,(2010) (Canada) (DVD)
1085856,2353842,11413,1,(2004) (Argentina) (theatrical)
1087817,2355407,521,1,(199?) (Argentina) (VHS)
1088926,2356313,7669,1,(2008) (Greece) (theatrical)
1088927,2356313,27,1,(2010) (UK) (TV) (BBC1)
1093506,2359740,13735,1,(2000) (USA) (all media)
1093675,2359940,11810,1,(2009) (Malaysia) (theatrical)
1094060,2360200,12122,1,(2006) (Switzerland) (theatrical)
1094061,2360200,1709,1,(2006) (USA) (theatrical) (a Sony Pictures Entertainment company)
1094669,2360583,11810,1,(2008) (Malaysia) (theatrical)
1094717,2360588,521,1,(2012) (Argentina) (DVD)
1096224,2361709,521,1,(????) (Argentina) (VHS)
1096600,2361920,521,1,(2007) (Argentina) (DVD)
1097751,2362567,8788,1,(2005) (Spain) (all media)
1098086,2362875,521,1,(2011) (Argentina) (DVD)
1098448,2363149,11149,1,
1101187,2365565,475,1,(2012) (USA) (theatrical)
1102297,2366544,521,1,(2001) (Argentina) (VHS)
1102298,2366544,6,1,(1980) (USA) (TV) (broadcast premiere)
1103694,2367559,11302,1,(1997) (France) (theatrical)
1105120,2368660,452,1,(2000) (USA) (DVD)
1106787,2369924,7771,1,(1980) (USA) (theatrical)
1107443,2370404,12093,1,(2007) (Australia) (theatrical)
1107444,2370404,3043,1,(2006) (Italy) (theatrical)
1107533,2370436,2405,1,(2003) (Japan) (theatrical)
1111401,2373344,521,1,(2009) (Argentina) (DVD) (improved special edition)
1111466,2373366,521,1,(Argentina) (DVD)
1111718,2373526,8693,1,(2007) (Canada) (theatrical)
1111719,2373526,17858,1,(2007) (Philippines) (theatrical)
1112994,2374523,23137,1,(1992) (USA) (VHS)
1113140,2374603,423,1,(2000) (Japan) (DVD)
1113566,2374854,6,1,(1970) (USA) (TV) (pan/scan)
1113567,2374854,26221,1,(2009) (Spain) (DVD)
1114283,2375319,160,1,(2002) (USA) (TV)
1114326,2375328,27,1,(1947) (UK) (TV)
1116319,2376728,11245,1,(1897) (USA) (theatrical)
1117930,2377891,1822,1,(2005) (USA) (DVD)
1118009,2377946,20835,1,(1991) (Canada) (VHS)
1120092,2379293,143,1,(2014) (USA) (TV)
1122682,2381072,306,1,(2013) (Ireland) (TV)
1122900,2381167,11811,1,(2005) (Slovakia) (theatrical)
1123080,2381267,521,1,(2004) (Argentina) (DVD)
1124553,2382362,6,1,
1126768,2383850,1373,1,(????) (USA) (VHS)
1128228,2385023,521,1,(2004) (Argentina) (DVD)
1129425,2385726,452,1,(2003) (USA) (DVD)
1130458,2386590,521,1,(Argentina) (DVD)
1132195,2387850,49906,1,(1928) (USA) (theatrical) (states rights system)
1133195,2388426,1710,1,(2001) (Netherlands) (theatrical)
1133235,2388429,1710,1,(2003) (Netherlands) (theatrical)
1133271,2388432,1710,1,(2002) (Netherlands) (theatrical)
1133477,2388527,6,1,(1990) (USA) (TV) (broadcast premiere)
1133478,2388527,21219,1,(2009) (Canada) (TV)
1133479,2388527,6596,1,(1980s) (Finland) (VHS)
1134359,2389164,2017,1,(2011) (Netherlands) (TV) (limited)
1134816,2389571,5977,1,(2004) (Germany) (theatrical)
1136147,2390616,1451,1,(1992) (USA) (TV)
1137089,2391739,521,1,(Argentina) (DVD)
1137225,2391827,9323,1,(2002) (Japan) (DVD)
1137226,2391827,2316,1,(????) (West Germany) (VHS)
1137348,2391895,8969,1,(1975) (USA) (theatrical)
1138881,2392547,11302,1,(1994) (France) (theatrical)
1138934,2392568,27,1,(2001) (UK) (TV) (BBC1)
1139312,2392833,521,1,(1999) (Argentina) (DVD)
1139313,2392833,521,1,(1999) (Argentina) (VHS)
1141234,2394259,17569,1,(1935) (Philippines) (theatrical)
1141235,2394259,480,1,(2007) (USA) (DVD)
1144310,2396429,11200,1,(2007) (Italy) (theatrical)
1144834,2396847,1709,1,(1995) (USA) (theatrical)
1144835,2396847,12127,1,(1995) (Argentina) (theatrical)
1146062,2397786,10999,1,(2007) (Albania) (all media)
1146119,2397812,12094,1,(1999) (Germany) (theatrical)
1147384,2398687,11141,1,(1913) (USA) (theatrical)
1147571,2398812,452,1,(2000) (USA) (DVD)
1147545,2398810,819,1,(1987) (Greece) (VHS)
1147864,2399065,11138,1,(1915) (USA) (theatrical)
1155209,2404517,3827,1,(1993) (USA) (VHS)
1155740,2404958,4154,1,(2013) (UK) (DVD) (Blu-ray)
1159612,2408056,160,1,(1986) (USA) (TV) (broadcast premiere)
1163015,2410540,27,1,(1937) (UK) (TV)
1165429,2412346,521,1,(2009) (Argentina) (DVD) (Blu-ray)
1165761,2412582,160,1,(1983) (USA) (TV)
1166426,2413074,450,1,(????) (Brazil) (DVD)
1168307,2414534,5896,1,(2009) (USA) (DVD)
1169053,2415158,573,1,(2012) (Netherlands) (DVD)
1170238,2416035,6811,1,(2003) (Turkey) (all media)
1170556,2416227,160,1,(1978) (USA) (TV) (original airing)
1171123,2416777,846,1,(1952) (USA) (theatrical)
1172991,2418279,1020,1,(2007) (Japan) (TV)
1173920,2418991,160,1,(1973) (USA) (TV)
1174109,2419110,451,1,(2007) (USA) (DVD) (The Definitive Edition)
1174868,2419462,1020,1,(2007) (Japan) (TV)
1175409,2419758,4617,1,(1989) (Brazil) (VHS)
1176214,2420273,25282,1,(2006) (USA) (all media)
1176618,2420597,819,1,(2010) (Greece) (theatrical)
1177233,2421077,450,1,(2003) (Brazil) (DVD)
1178564,2422069,160,1,(2005) (USA) (TV) (broadcast premiere)
1178679,2422127,11930,1,(2010) (Argentina) (theatrical)
1182452,2425311,13865,1,(1967) (UK) (theatrical)
1183482,2426055,17277,1,(1998) (Ireland) (theatrical)
1184656,2426944,11360,1,(1978) (Finland) (theatrical)
1184784,2427000,160,1,(2005) (USA) (TV) (original airing)
1185760,2427698,8850,1,(2010) (Czech Republic) (theatrical)
1185761,2427698,2017,1,(2011) (Netherlands) (TV) (limited)
1187181,2428735,452,1,(2009) (USA) (DVD)
1187182,2428735,452,1,(2009) (USA) (DVD) (Blu-ray)
1189123,2430389,4464,1,(2004) (Spain) (DVD)
1189569,2430740,3094,1,(1999) (Germany) (VHS)
1189753,2430824,6726,1,(1970) (France) (theatrical)
1190141,2431207,11209,1,(2011) (USA) (DVD) (Inside Mother triple feature)
1193831,2434734,521,1,(2005) (Argentina) (DVD)
1195101,2436213,13114,1,(2004) (USA) (DVD)
1195442,2436621,11930,1,(2002) (Argentina) (theatrical)
1196858,2438179,450,1,(????) (Brazil) (DVD)
1198775,2440909,302,1,
1199239,2441463,6,1,(1982) (USA) (TV) (broadcast premiere)
1199247,2441468,16029,1,(1991) (UK) (VHS)
1199614,2441738,4617,1,(Brazil) (VHS)
1200795,2442833,14947,1,(2013) (worldwide) (DVD)
1202395,2444326,452,1,(1999) (USA) (DVD)
1203814,2445637,160,1,(2001) (USA) (TV)
1205070,2446794,4357,1,(Brazil) (DVD)
1205117,2446807,425,1,(2008) (USA) (DVD)
1205499,2447258,160,1,(2010) (USA) (TV)
1205543,2447265,2017,1,(2012) (Netherlands) (TV) (limited)
1205544,2447265,13525,1,(2011) (Lithuania) (theatrical)
1209587,2451567,521,1,(2004) (Argentina) (DVD)
1210855,2452923,7265,1,(2007) (Japan) (DVD)
1210856,2452923,10114,1,
1212501,2455256,2296,1,(199?) (Brazil) (VHS)
1213240,2455850,258,1,(1998) (USA) (VHS)
1213922,2456578,11204,1,(1898) (UK) (theatrical)
1215305,2458067,521,1,(2001) (Argentina) (DVD)
1218454,2461807,521,1,(2005) (Argentina) (DVD)
1221820,2465453,12824,1,(2009) (Lithuania) (theatrical)
1223340,2467164,737,1,(2001) (USA) (DVD)
1223447,2467169,12125,1,(1999) (Germany) (theatrical)
1225119,2469793,11872,1,
1225237,2469533,521,1,(2001) (Argentina) (VHS)
1225753,2470200,11940,1,
1226661,2471561,521,1,(2005) (Argentina) (DVD)
1227352,2472543,11684,1,(2001) (Switzerland) (theatrical)
1228472,2473365,4357,1,(2004) (Brazil) (DVD)
1230113,2475690,7657,1,(2003) (USA) (DVD)
1230254,2475850,305,1,(1960) (Australia) (TV)
1230343,2475934,1710,1,(2005) (Netherlands) (theatrical)
1231083,2476867,10455,1,(Switzerland)
1233774,2480605,18540,1,
1235635,2483154,11413,1,(2006) (Argentina) (theatrical)
1236924,2485207,819,1,(2008) (Greece) (all media)
1236925,2485207,13757,1,(2008) (Czech Republic) (all media)
1238149,2485973,2962,1,(2005) (non-USA) (all media) (Middle East)
1238619,2486522,561,1,(2008) (Germany) (TV)
1238962,2486813,10287,1,(2011) (Argentina) (DVD)
1239549,2487498,521,1,(2009) (Argentina) (DVD)
1239550,2487498,521,1,(2009) (Argentina) (DVD) (Blu-ray)
1239714,2487658,12218,1,(2007) (Spain) (all media)
1239715,2487658,2962,1,(2007) (non-USA) (all media) (Middle East)
1240047,2487841,160,1,(2008) (USA) (TV)
1240973,2488771,12466,1,(2006) (France) (theatrical)
1246500,2494505,452,1,(2005) (USA) (DVD)
1246940,2495026,11690,1,(2007) (worldwide) (DVD)
1249213,2497146,11810,1,(2009) (Malaysia) (theatrical)
1250420,2498195,13554,1,(2003) (Finland) (theatrical)
1250421,2498195,2393,1,(2002) (Sweden) (all media)
1253365,2501106,25916,1,(Greece) (VHS)
1254510,2502116,12127,1,(2007) (Argentina) (all media)
1254511,2502116,11780,1,(2007) (Czech Republic) (theatrical)
1258178,2505659,6963,1,(Japan)
1258179,2505659,3580,1,(2001) (Finland) (VHS)
1260063,2507906,14597,1,(????) (Brazil) (DVD)
1260431,2508599,1635,1,(2009) (Belgium) (DVD)
1261212,2509219,12507,1,(Spain)
1261669,2510063,8079,1,
1261819,2510362,33182,1,(????) (Japan) (all media)
1262151,2510866,4657,1,(????) (USA) (VHS)
1264872,2514146,9329,1,(2000) (Australia) (DVD) (Special Edition)
1269873,2520373,27,1,(2011) (UK) (TV) (BBC2)
1270351,2520866,12242,1,(2001) (worldwide) (all media)
1271452,2522052,1710,1,(2006) (Netherlands) (theatrical)
1287181,47575,71977,2,
1287182,47575,5096,2,
1308633,134088,73559,2,
1314106,150460,73873,2,
1347955,254158,27,2,
1369768,312321,419,2,
1375374,339787,225,2,
1394356,405300,567,2,
1400117,450087,302,2,
1401993,456192,77331,2,
1408834,475906,166,2,
1441478,570494,72348,2,
1452339,598632,80355,2,
1476719,691620,1623,2,
1479666,702554,27,2,(as B B C)
1481660,710182,6,2,
1491251,753256,161,2,
1499481,776645,82399,2,
1520434,845308,5616,2,
1530159,869102,317,2,
1539001,898086,1370,2,
1543318,905438,82600,2,
1552517,945164,624,2,
1580270,1039219,85379,2,
1600193,1097142,9557,2,
1604037,1107161,400,2,
1604479,1113728,72792,2,
1620568,1168504,27,2,
1632912,1203918,87251,2,
1636743,1215268,31716,2,
1738292,1501418,45697,2,
1747717,1535689,69,2,
1748029,1537082,264,2,
1771742,1624381,1741,2,
1785274,1647328,95445,2,
1795970,1659889,240,2,
1800252,1663611,99534,2,
1811500,1676447,103125,2,
1816578,1681517,7617,2,
1820367,1686025,68,2,
1827015,1693269,33825,2,
1828572,1694977,108105,2,(as Piccolo Teatro della Citta' di Milano)
1831981,1698797,95032,2,
1837177,1704398,47817,2,(participation)
1866290,1737735,16314,2,
1871713,1743699,101069,2,
1902893,1777076,126728,2,
1942548,1818976,1102,2,
1951827,1827558,10089,2,
1956689,1829337,72,2,
1962749,1838510,863,2,
1965174,1841044,91436,2,
2000994,1880444,14947,2,
2002780,1882274,1593,2,
2003363,1882885,14038,2,
2004886,1884516,71656,2,
2021338,1902824,119,2,
2043772,1927295,91978,2,
2045081,1928810,107842,2,
2054727,1939156,20882,2,
2073477,1959528,31750,2,
2083554,1970882,133416,2,
2089647,1976481,15712,2,
2093481,1982402,106524,2,
2112605,2001833,14002,2,
2116824,2006154,112188,2,
2116825,2006154,167379,2,
2116982,2006299,73905,2,
2236772,2123445,225,2,
2244808,2132106,93323,2,
2258760,2148148,187693,2,(produced by)
2264315,2154261,188563,2,
2273205,2163967,49873,2,
2289330,2181443,8849,2,
2291430,2183775,133950,2,
2320320,2215905,995,2,
2328079,2224884,23187,2,
2329880,2226786,116801,2,
2342954,2241230,9327,2,
2345216,2243656,3042,2,
2367031,2266868,40050,2,
2370476,2270710,40999,2,
2380656,2282609,205497,2,
2380657,2282609,201274,2,
2400118,2304313,167136,2,
2404515,2309305,208941,2,
2405842,2310730,34404,2,
2430904,2338475,212599,2,
2438392,2349150,92938,2,
2476115,2386033,43128,2,
2496416,2407244,183549,2,
2513645,2424796,2101,2,
2531917,2444831,14881,2,
2555479,2468537,218743,2,
2555846,2468818,240,2,
2568860,2482713,1227,2,
2579406,2493833,231408,2,
2596838,2513382,155378,2,
2598739,2515741,160940,2,
